,Código de adquisición o contratación,Área institucional,Objeto,Monto,Nombre de la contraparte,Plazos de cumplimiento,Tipo de contratación,Fecha de contrato / Órden de compra,Código de contrato / Órden de compra,Características de la contraparte,Archivo adjunto,Fecha de creación,Fecha de última actualización,office
0,5348,Dirección de Informática,Adquisición de 6 discos duros y 2 módulos de memoria,"$1,644.00","DATA & GRAPHICS, S.A. DE C.V.",21 dias calendarios a partir del dia 25 de octubre de 2019,Libre Gestión,25 de octubre de 2019,5348,Persona Jurídica,/system/procurements/attachments/000/097/704/original/ORDEN_DE_COMPRA_N%C2%B0_5348.pdf?1574260765,19/11/2019,20/11/2019,rnpn
1,5347,Unidad de Comunicaciones,"1500 trípticos, 300 hojas volantes, 4 banner,  publicidad para promocionar DUI en Milán Italia.",$583.50,CARLOS REMBERTO VILLEGAS MORALES,30 días habiles a partir del día 24 de octubre de 2019,Libre Gestión,24 de octubre de 2019,5347,Persona Natural,/system/procurements/attachments/000/097/703/original/ORDEN_DE_COMPRA_N%C2%B0_5347.pdf?1574260729,19/11/2019,20/11/2019,rnpn
2,5346,Unidad de Recursos Humanos,Adquisición de juguetes para celebración del día del niño para los hijos de los empleados del RNPN,"$2,601.89","JUGUESAL, S.A. DE C.V.",1 día,Libre Gestión,24 de octubre de 2019,5346,Persona Jurídica,/system/procurements/attachments/000/097/702/original/ORDEN_DE_COMPRA_N%C2%B0_5346.pdf?1574260704,19/11/2019,20/11/2019,rnpn
3,5342,Unidad Administrativa,Suministro e instalación de ventanas en oficina de Presidencia,"$1,958.40",NATANAEL LÓPEZ GOMEZ,10 días,Libre Gestión,23 de octubre de 2019,5342,Persona Natural,/system/procurements/attachments/000/097/701/original/ORDEN_DE_COMPRA_N%C2%B0_5342.pdf?1574260679,19/11/2019,20/11/2019,rnpn
4,5341,Unidad de Recursos Humanos,Contratación de entretenimiento y alimentación para la celebración del día del niño para los hijos de los empleados del RNPN.,"$4,739.50","INVERSIONES MONTOYA, S.A. DE C.V.",1 día,Libre Gestión,22 de octubre de 2019,5341,Persona Jurídica,/system/procurements/attachments/000/097/700/original/ORDEN_DE_COMPRA_N%C2%B0_5341.pdf?1574260617,19/11/2019,20/11/2019,rnpn
5,5340,Unidad de Gestión Documental y Archivo,Materiales varios para readecuación de Archivo Registral,$297.39,"ELECTRO FERRETERA, S.A. DE C.V.",5 días,Libre Gestión,22 de octubre de 2019,5340,Persona Jurídica,/system/procurements/attachments/000/097/699/original/ORDEN_DE_COMPRA_N%C2%B0_5340.pdf?1574260588,19/11/2019,20/11/2019,rnpn
6,5339,Activo Fijo,"Adquisición de 12 estantes de metal, cinco archiveros de 3 gavetas, 5 archiveros de 4 gavetas","$2,203.80","INNOVACIONES DE METAL, S.A. DE C.V.",8 días habiles,Libre Gestión,21 de octubre de 2019,5339,Persona Jurídica,/system/procurements/attachments/000/097/698/original/ORDEN_DE_COMPRA_N%C2%B0_5339.pdf?1574260563,19/11/2019,20/11/2019,rnpn
7,5331,Activo Fijo,Adquisición de cuatro cafeteras,$584.00,"CALCULADORAS Y TECLADOS, S.A. DE C.V.",15 días,Libre Gestión,16 de octubre de 2019,5331,Persona Jurídica,/system/procurements/attachments/000/097/697/original/ORDEN_DE_COMPRA_N%C2%B0_5331.pdf?1574260526,19/11/2019,20/11/2019,rnpn
8,5330,Activo Fijo,Adquisición de dos microondas,$368.00,JOSE EDGARDO HERNANDEZ PINEDA,15 días,Libre Gestión,16 de octubre de 2019,5330,Persona Natura,/system/procurements/attachments/000/097/696/original/ORDEN_DE_COMPRA_N%C2%B0_5330.pdf?1574260499,19/11/2019,20/11/2019,rnpn
9,5329,Departamento de Activo Fijo,"Adquisición de un equipo de aire acondicionado, tipo minisplit de 36,000 BTU","$2,800.00","JR INGENIERIA, S.A DE C.V.",2 días,Libre Gestión,14 de octubre de 2019,5329,Persona Jurídica,/system/procurements/attachments/000/097/695/original/ORDEN_DE_COMPRA_N%C2%B0_5329.pdf?1574260473,19/11/2019,20/11/2019,rnpn
10,5328,Unidad de Recursos Humanos,Ochenta camisetas color azul,$388.00,"UNIFORMES GABRIELA, S.A. DE C.V.",15 días,Libre Gestión,14 de octubre de 2019,5328,Persona Jurídica,/system/procurements/attachments/000/097/694/original/ORDEN_DE_COMPRA_N%C2%B0_5328.pdf?1574260380,19/11/2019,20/11/2019,rnpn
11,5327,Unidad de Verificación y Asistencia Judicial del RNPN,Mantenimiento correctivo para multifunción ubicada en la Unidad de Verificación,$210.00,"RICOH EL SALVADOR, S.A. DE C.V.",3 días habiles,Libre Gestión,14 de octubre de 2019,5327,Persona Jurídica,/system/procurements/attachments/000/097/693/original/ORDEN_DE_COMPRA_N%C2%B0_5327.pdf?1574260355,19/11/2019,20/11/2019,rnpn
12,5326,Unidad de Recursos Humanos,"Trescientas mochilas con escudo de El Salvador y logo del RNPN bordados, color azul","$5,424.00","EQUIPOS Y SISTEMAS TECNOLOGICOS DE CENTROAMERICA, S.A. DE C.V.",10 días,Libre Gestión,11 de octubre de 2019,5326,Persona Jurídica,/system/procurements/attachments/000/097/692/original/ORDEN_DE_COMPRA_N%C2%B0_5326.pdf?1574260324,19/11/2019,20/11/2019,rnpn
13,5324,Unidad de Recursos Humanos,Trescientos cincuenta carnets de identificación,$574.00,"SCREENCHECK EL SALVADOR, S.A. DE C.V.",8 días,Libre Gestión,11 de octubre de 2019,5324,Persona Jurídica,/system/procurements/attachments/000/097/691/original/ORDEN_DE_COMPRA_N%C2%B0_5324.pdf?1574260301,19/11/2019,20/11/2019,rnpn
14,5323,Administración de Redes y Recursos lnformáticos,Adquisición de equipamiento para el acceso restringido al Área de Procesamiento de Partidas,"$1,084.80","ITR DE EL SALVADOR, S.A. DE C.V.",5 días,Libre Gestión,11 de octubre de 2019,5323,Persona Jurídica,/system/procurements/attachments/000/097/690/original/ORDEN_DE_COMPRA_N%C2%B0_5323.pdf?1574260278,19/11/2019,20/11/2019,rnpn
15,5322,Unidad de Asesoria Jurídica del RNPN,Mantenimiento correctivo para multifunción ubicada en la oficina del Asesor Jurídico del RNPN,$309.55,"CALCULADORAS Y TECLADOS, S.A. DE C.V.",1 día habil,Libre Gestión,10 de octubre de 2019,5322,Persona Jurídica,/system/procurements/attachments/000/097/689/original/ORDEN_DE_COMPRA_N%C2%B0_5322.pdf?1574260258,19/11/2019,20/11/2019,rnpn
16,5321,Unidad de Proyectos,"Contratación de las canchas COOPEFA, para la realización de la Segunda y Tercera vuelta del Torneo de Futbol denominado de la Amistad",$276.00,"SOCIEDAS COOPERATIVA DE OFICIALES DE LA FUERZA ARMADA, DE R.L. DE C.V.",Hasta 31 de diciembre de 2019,Libre Gestión,09 de octubre de 2019,5321,Persona Jurídica,/system/procurements/attachments/000/097/688/original/ORDEN_DE_COMPRA_N%C2%B0_5321.pdf?1574260233,19/11/2019,20/11/2019,rnpn
17,5320,Unidad de Supervisión y Control,Dos juegos de Cartuchos de tintas para impresora HP Pagewide pro MFP 477 dw,$641.20,"D P G, S.A. DE C. V.",30 días habiles,Libre Gestión,09 de octubre de 2019,5320,Persona Jurídica,/system/procurements/attachments/000/097/687/original/ORDEN_DE_COMPRA_N%C2%B0_5320.pdf?1574260210,19/11/2019,20/11/2019,rnpn
18,5319,Unidad de Supervisión y Control de DUI en el Exterior,Suministro de impresión de 2000 sticker diplomatico,$460.00,CARLOS REMBERTO VILLEGAS MORALES,5 días habiles,Libre Gestión,10 de octubre de 2019,5319,Persona Natural,/system/procurements/attachments/000/097/686/original/ORDEN_DE_COMPRA_N%C2%B0_5319.pdf?1574260183,19/11/2019,20/11/2019,rnpn
19,5318,Unidad Juridica Registral,Cartuchos de tinta,$319.92,DPG. S.A. DE C. V.,30 días,Libre Gestión,10 de octubre de 2019,5318,Persona Jurídica,/system/procurements/attachments/000/097/685/original/ORDEN_DE_COMPRA_N%C2%B0_5318.pdf?1574260157,19/11/2019,20/11/2019,rnpn
20,RNPN 33/2019,U,Servicio de comunicación de voz y datos del RNPN para el período de octubre a diciembre de 2019,"$5,162.49","CTE TELECOM PERSONAL, S.A. DE C.V.",Desde 07 de octubre al 31 de diciembre de 2019,Libre Gestión,04 de octubre de 2019,RNPN-33-2019,Persona Jurídica,/system/procurements/attachments/000/097/684/original/CONTRATO_RNPN_33_-_2019.pdf?1574260128,19/11/2019,20/11/2019,rnpn
21,RR.18/2019,Dirección de Administración de Finanzas,"Modificación de orden de compra N° 05226, para el suministro de 600 platos de comida, consistente en almuerzos para el personal de protección de personalidades importantes (PPI), que brindan seguridad en las oficinas del RNPN, correspondiente al año de 2019.",$300.00,ZULEYMA JANETH GARCIA QUINTEROS,DESDE EL 02 DE OCTUBRE AL 31 DE DICIEMBRE DE 2019,Libre Gestión,02 de octubre de 2019,RR.18/2019,Persona Natural,/system/procurements/attachments/000/097/683/original/RESOLUCION_RAZONADA_18-2019.pdf?1574260092,19/11/2019,20/11/2019,rnpn
22,5316,Unidad de Supervisión y Control de la DIC,"Veinte juegos de cubiertas protectoras de computadoras de escritorio, pantalla y teclado",$600.00,JULIO NELSON ORTIZ HERNANDEZ,8 días,Libre Gestión,09 de octubre de 2019,5316,Persona Natural,/system/procurements/attachments/000/097/682/original/ORDEN_DE_COMPRA_N%C2%B0_5316.pdf?1574260071,19/11/2019,20/11/2019,rnpn
23,RNPN 32/2019,Supervision y Control de ejecución de Contratos,Contrato del servicio de soporte técnico en el proyecto de Dui en el Exterior para los Centros de Servicio de El Salvador en Milán Italia y Australia.,"$15,255.00",MUHLBAUER ID SERVICES GMBH,Desde el 02 de octubre al 31 de diciembre de 2019,Libre Gestión,02 de octubre de 2019,RNPN-032-2019,Persona Jurídica,/system/procurements/attachments/000/097/681/original/CONTRATO_RNPN_32_-_2019.pdf?1574260046,19/11/2019,20/11/2019,rnpn
24,5315,Unidad de Sucesión y Control de DUI en el Exterior,"Adquisicion de seguro de viaje por 250 días para boletos fase II, Registro, Emisión y Entrega de DUI, Milan, Italia.",$937.50,"AMATE TRAVEL, S.A. DE C.V.",17 días,Libre Gestión,30 de septiembre de 2019,5315,Persona Jurídica,/system/procurements/attachments/000/097/680/original/ORDEN_DE_COMPRA_N%C2%B0_05315.pdf?1574260018,19/11/2019,20/11/2019,rnpn
25,RR.16/2019,Unidad de Administración de Redes y Recursos Informáticos.,"Prorroga de Contrato No. RNPN 27/2018 ""prestacion de servicios de una plataforma telefonica para el programa de DUI en el exterior""","$10,400.00","Escucha Panama, S.A. Sucursal El Salvador",Desde el 28 de septiembre al 31 de diciembre de 2019,Libre Gestión,18 de septiembre de 2019,RR. 16/2019,Persona Jurídica,/system/procurements/attachments/000/097/679/original/RESOLUCION_RAZONADA_16-2019.pdf?1574259978,19/11/2019,20/11/2019,rnpn
26,5314,Unidad de Supervisión y Control de DUI en el Exterior,Servicio de publicidad para Dui en el exterior,"$1,000.00","GSG GROUP, S.A. DE C.V.",2 días,Libre Gestión,20 de septiembre de 2019,5314,Persona Jurídica,/system/procurements/attachments/000/097/678/original/ORDEN_DE_COMPRA_N%C2%B0_05314.pdf?1574259951,19/11/2019,20/11/2019,rnpn
27,5312,Unidad de Comunicaciones,Elaboración y suministro de enmarcado de dos fotos presidenciales,$450.00,CARLOS JOSE AVALOS RODAS,30 días,Libre Gestión,16 de septiembre de 2019,5312,Persona Natural,/system/procurements/attachments/000/097/677/original/ORDEN_DE_COMPRA_N%C2%B0_5312.pdf?1574259924,19/11/2019,20/11/2019,rnpn
28,5311,Dirección de Informatica,"Mantenimiento correctivo para equipo de aire acondicionado central, del Data Center.",$384.60,"INGENIERIA ELECTRICA Y CIVIL, S.A. DE C.V.",5 días,Libre Gestión,04 de septiembre de 2019,5311,Persona Juridica,/system/procurements/attachments/000/097/675/original/ORDEN_DE_COMPRA_N%C2%B0_5311.pdf?1574259901,19/11/2019,20/11/2019,rnpn
29,RNPN 31/2019,Unidad de Supervisión y Control de DUI en el exterior,Contrato de los Servicios de Courier para envio y retorno de documentación y accesorios de la coordinación de DUI en el exterior que se requiera para los Centros de Servicio de DUI en el exterior.,"$1,500.00","GLOBAL CARGO EL SALVADOR, S.A. DE C.V.",Septiembre al 31 de diciembre de 2019,Libre Gestión,13 de septiembre de 2019,RNPN-031-2019,Persona Juridica,/system/procurements/attachments/000/097/674/original/CONTRATO_RNPN_31-2019.pdf?1574259855,19/11/2019,20/11/2019,rnpn
30,5310,Unidad de Supervisión y Control de DUI en el exterior,"Contratación de los servicios de courier para exportación de equipos informáticos y perifericos a la  México, Ciudad de México, Italia Milán para el año 2019","$2,850.00","GLOBAL CARGO DE EL SALVADOR, S.A. DE C.V.",Desde 30 de agosto al 31 de diciembre de 2019,Libre Gestión,30 de agosto de 2019,5310,Persona Juridica,/system/procurements/attachments/000/097/673/original/ORDEN_DE_COMPRA_N%C2%B0_5310.pdf?1574259830,19/11/2019,20/11/2019,rnpn
31,5309,Unidad de Supervisión y Control de DUl en el Exterior,Servicio de courier para exportación de equipos informáticos y perifericos a  la Ciudad de México,$462.76,FONDO DE ACTIVIDADES ESPECIALES DEL MINISTERIO DE GOBERNACION,5 días,Libre Gestión,15 de agosto de 2019,5309,Persona Juridica,/system/procurements/attachments/000/097/672/original/ORDEN_DE_COMPRA_N%C2%B0_5309.pdf?1574259794,19/11/2019,20/11/2019,rnpn
32,RNPN 29/2019,Unidad de supervisión y control de DUI en el exterior.,Contrato del servicio de emisión de boletos aereos.,"$52,000.00","AMATE TRAVEL, S.A. DE C.V.",Desde el 23 de agosto al 31 de diciembre,Libre Gestión,23 de agosto de 2019,RNPN-029-2019,Persona Juridica,/system/procurements/attachments/000/097/671/original/CONTRATO_RNPN_29_-2019.pdf?1574259750,19/11/2019,20/11/2019,rnpn
33,5308,Administración de Redes y Recursos lnformaticos,Licencia de Software Microsoft Project Estandar 2019 CSP Perpetuo,$715.29,"PRODUCTIVE BUSINESS SOLUTIONS EL SALVADOR, S.A DE C.V.",10 días,Libre Gestión,28 de agosto de 2019,5308,Persona Juridica,/system/procurements/attachments/000/097/670/original/ORDEN_DE_COMPRA_N%C2%B0_5308.pdf?1574259678,19/11/2019,20/11/2019,rnpn
34,5306,Asesor Jurídico,Adquisición de materiales varios para la ampliación de oficina de Asesor Jurídico,$456.61,"ELECTROFERRETERA, S.A. DE C.V.",3 días,Libre Gestión,19 de agosto de 2019,5306,Persona Juridica,/system/procurements/attachments/000/097/669/original/ORDEN_DE_COMPRA_N%C2%B0_5306.pdf?1574259642,19/11/2019,20/11/2019,rnpn
35,RNPN 30/2019,Dirección de Administración y Finanzas,Contrato de Servicio de Transporte de taxis para el personal del RNPN,"$1,000.00","FUERZA DELTA, S.A. DE C.V.",Desde 29 de agosto al 31 de diciembre de 2019,Libre Gestión,27 de agosto de 2019,RNPN-030-2019,Persona Juridica,/system/procurements/attachments/000/097/668/original/CONTRATO_RNPN_30_-_2019.pdf?1574259614,19/11/2019,20/11/2019,rnpn
36,5304,Departamento Juridico Registral de DUI en el Exterior,Dos diademas auriculares para call center,$115.64,"JMTELCOM, JESUS MARTINEZ Y ASOCIADOS, S.A. DEC. V",Un día,Libre Gestión,15 de agosto de 2019,5304,Persona Juridica,/system/procurements/attachments/000/097/667/original/ORDEN_DE_COMPRA_N%C2%B0_5304.pdf?1574259568,19/11/2019,20/11/2019,rnpn
37,5301,Dirección de Administración y Finanzas,Servicio de mantenimiento correctivo de dos multifunción,$925.00,"RICOH EL SALVADOR, S.A. DE C.V.",30 días,Libre Gestión,14 de agosto de 2019,5301,Persona Juridica,/system/procurements/attachments/000/097/666/original/ORDEN_DE_COMPRA_N%C2%B0_5301.pdf?1574259528,19/11/2019,20/11/2019,rnpn
38,5345,Dirección de Registro de Personas Naturales,Servicio de limpieza y reparación de cortinas ubicadas en oficina de Presidencia del RNPN,$568.00,ALEJANDRO PORTILLO,30 días,Libre Gestión,17 de octubre de 2019,5345,Persona Natural,/system/procurements/attachments/000/096/427/original/05345.pdf?1572580347,31/10/2019,31/10/2019,rnpn
39,5337,Unidad de Recursos Humanos,Servicios de cursos de capacitación de diseños de perfiles de puestos para el personal de recursos humanos,$360.00,UNIVERSIDAD CENTROAMERICANA DE EL SALVADOR JOSE SIMEON CAÑAS,60 días despues de entregada la factura y el acta de recepción de servicio,Libre Gestión,17 de octubre de 2019,5337,Persona Jurídica,/system/procurements/attachments/000/096/426/original/5337.pdf?1572580309,31/10/2019,31/10/2019,rnpn
40,5336,Departamento de Activo Fijo,"Camara digital marca CANON, modelo 80 D Flash para camara fotografica marca CANON, MODELO SPEEDLITE 430 EX III-RT","$1,768.00",CONSULTORES ASOCIADOS PROVEEDORES DE BIENES Y SERVICIOS S.A. DE C.V.,60 DÍAS DESPUES DE ENTREGADA LA FACTURA Y EL PRODUCTO,Libre Gestión,14 de octubre de 2019,5336,Persona Jurídica,/system/procurements/attachments/000/096/425/original/ORDEN_DE_COMPRA_N%C2%B005336.pdf?1572566513,31/10/2019,31/10/2019,rnpn
41,5335,Departamento de Activo Fijo,"Telefonos inálambricos, marca PANASONIC, modelo: KX-TGC260 B",$260.00,CALCULADORAS Y TECLADOS S.A. DE C.V.,30 días depues de entregada la factura y el producto,Libre Gestión,14 de octubre de 2019,5335,Persona Jurídica,/system/procurements/attachments/000/096/424/original/ORDEN_DE_COMPRA_N%C2%B005335.pdf?1572566436,31/10/2019,31/10/2019,rnpn
42,5329,Departamento de Activo Fijo,"Suministro e Instalación de aire acondicionado tipo minisplit de 36,000 BTU Marca LG, 50 % de ahorro de energía, SEER (eficencia) 16.1 energia 220 V, enfriamiento rápido, Jet cool, gas ecologico usado: R410A","$2,800.00","JR INGENIERIA, S.A. DE C.V.",30 días,Libre Gestión,09 de octubre de 2019,5329,Persona Jurídica,/system/procurements/attachments/000/096/423/original/ORDEN_DE_COMPRA_N%C2%B005329.pdf?1572566396,31/10/2019,31/10/2019,rnpn
43,5313,Unidad Administrativa,Servicio de desmontaje y montaje de aire acondiconado,$875.00,JENNY MARIAN CAÑAS ORELLANA,60 días,Libre Gestión,17 de septiembre de 2019,5313,Persona Natural,/system/procurements/attachments/000/096/422/original/ORDEN_DE_COMPA_N%C2%B005313.pdf?1572566362,31/10/2019,31/10/2019,rnpn
44,5307,Unidad Coordinadora de los Registros del Estado Familiar,"Alojamiento para 14 personas, en Arambala Departamento de Morazán, del día 22/08/2019 al 23/08/2019",$360.00,SANDRA YANIRA GOMEZ ROMERO,60 días,Libre Gestión,20 de agosto de 2019,5307,Persona Natural,/system/procurements/attachments/000/096/421/original/ORDEN_DE_COMPRA_N%C2%B005307.pdf?1572566325,31/10/2019,31/10/2019,rnpn
45,5305,Unidad de Recursos Humanos,"Compra de un tambor/DRUM GPR-54 BLACK UNIT (Repuesto), para multifucion marca Canon, modelo Image Runner 1435if",$170.38,"SISTEMAS C&C, S.A. DE C.V.",60 días,Libre Gestión,09 de agosto de 2019,5305,Persona Jurídica,/system/procurements/attachments/000/096/420/original/ORDEN_DE_COMPRA_N%C2%B005305.pdf?1572566285,31/10/2019,31/10/2019,rnpn
46,5300,Dirección Ejecutiva,"Servicio de emisión de boletos aereos, para Misión oficial Ing. Erick Alexis saldaña y Ing. Silvia Elnea de Hernández","$1,000.00","AGENCIA INTERNACIONAL DE VIAJES PANAMEX, S.A. DE C.V.",60 días calendario despues de recibir la factura y el acta de recepción de bienes y/o servicios,Libre Gestión,13 de agosto de 2019,5300,Persona Jurídica,/system/procurements/attachments/000/096/419/original/ORDEN_DE_COMPRA_N%C2%B005300.pdf?1572566173,31/10/2019,31/10/2019,rnpn
47,RNPN 26/2019,Unidad de Procesamiento de Partidas,CONTRATO DEL SERVICIO DE CO PROCESAMIENTO DE HASTA 6.8 TONELADAS MÉTRICAS DE TIRAS DE PLÁSTICO PROVENIENTES DE LA DESTRUCCIÓN DE DUIS.,"$1,999.20","Geocycle de El Salvador, S.A. DE C.V.",12 de Julio 2019 al 31 de Diciembre de 2019,Libre Gestión,12 de julio de 2019,RNPN-026-2019,Persona Juridica,/system/procurements/attachments/000/091/638/original/CONTRATO_NO._26-2019.pdf?1567534558,03/09/2019,03/09/2019,rnpn
48,5299,Dirección Ejecutiva,Servicio de mantenimiento preventivo y correctivo de impresora y multifunción ubicados en la Dirección Ejecutiva,$320.00,RENATO LIZANDRO FLORES LOPEZ,30 días,Libre Gestión,31 de julio de 2019,5299,Persona Natural,/system/procurements/attachments/000/096/418/original/ORDEN_DE_COMPA_N%C2%B005299.pdf?1572566130,31/10/2019,31/10/2019,rnpn
49,RNPN 28/2019,,"CONTRATO DE LOS SERVICIOS DE COURIER PARA LA IMPORTACION Y EXPORTACION DE EQUIPOS INFORMATICOS, PERIFERICOS Y PAGO DE IMPUESTOS DESDE Y HACIA ESTADOS UNIDOS DE AMERICA Y CANADA PARA EL ANO 2019.","$10,000.00","GLOBAL CARGO, S.A. DE C.V.",31 de Mayo de 2019 al 31 de Diciembre de 2019,Libre Gestión,03 de julio de 2019,RNPN-28-2019,Persona Juridica,/system/procurements/attachments/000/091/639/original/CONTRATO_No._28-2019.pdf?1567535117,03/09/2019,03/09/2019,rnpn
50,RNPN 27/2019,,CONTRATO DE SERVICIO DE COURIER PARA ENVIO DE DUI´S A ESTADOS UNIDOS DE AMERICA Y CANADA Y RETORNO DE DUI´S INUTILIZADOS CON SU DOCUMENTACIÓN DE RESPALDO A EL SALVADOR PARA EL AÑO 2019 POR SEGUNDA OCASIÓN,"$47,150.00","GLOBAL CARGO, S.A. DE C.V.",31 de Mayo de 2019 al 31 de Diciembre de 2019,Libre Gestión,31 de mayo de 2019,RNPN-27-2019,Persona Juridica,/system/procurements/attachments/000/091/640/original/CONTRATO_No._27-2019.pdf?1567535466,03/09/2019,03/09/2019,rnpn
51,5297,Direccción Ejecutiva,"Servicios de emisión de boletos aereos ida y vuelta, desde San Salvador a la ciudad de Chile, para asistir al XVI Encuentro CLARCIEV, en fecha del 08 de septiembre al 12 de septiembre de 2019","$1,500.00","Agencia Internacional de Viajes PANAMEX, S.A. DE C.V.",Inmediata,Libre Gestión,30 de julio de 2019,5297,Persona Juridica,/system/procurements/attachments/000/091/626/original/ORDEN_DE_COMPRA_No._05297.pdf?1567531984,03/09/2019,03/09/2019,rnpn
52,5298,Dirección de Informática,Adquisición de equipo informático para la Unidad de Recolección de tres laptop y dos scanners,"$2,610.00","DATA & GRAPHICS, S.A. DE C.V.",Cinco días hábiles,Libre Gestión,30 de julio de 2019,5298,Persona Juridica,/system/procurements/attachments/000/091/624/original/ORDEN_DE_COMPRA_No._05298.pdf?1567531664,03/09/2019,03/09/2019,rnpn
53,5296,Unidad de Administración de Base de Datos,"Contratación de la renovación del servicio de soporte tecnico ORACLE Database Enterprise y contratación de soporte técnico local, para el período de agosto de 2019 a diciembre 2019.","$10,622.00","DATUM , S.A. DE C.V.",Cinco días hábiles,Libre Gestión,26 de julio de 2019,5296,Persona Juridica,/system/procurements/attachments/000/091/622/original/ORDEN_DE_COMPRA_No._05296.pdf?1567531396,03/09/2019,03/09/2019,rnpn
54,5292,Presidencia,"Contratación del servicio de emisión de boletos aéreos a Doral, Florida para Misión Oficial.","$2,857.00","Agencia Internacional de Viajes PANAMEX, S.A. DE C.V.",Inmediata,Libre Gestión,15 de julio de 2019,5292,Persona Juridica,/system/procurements/attachments/000/091/619/original/ORDEN_DE_COMPRA_No._05292.pdf?1567531088,03/09/2019,03/09/2019,rnpn
55,5295,Dirección de Informática,Veinte baterías con capacidad de 12v,$523.60,"La casa de las baterias, S.A. DE C.V.",3 días hábiles,Libre Gestión,22 de julio de 2019,5295,Persona Juridica,/system/procurements/attachments/000/091/618/original/ORDEN_DE_COMPRA_No._05295.pdf?1567530920,03/09/2019,03/09/2019,rnpn
56,5293,Unidad Ambiental Institucional y Servicios Generales,Servicio de carga de 68 extintores,$509.00,Alexander Ernesto Majano,15 días hábiles,Libre Gestión,18 de julio de 2019,5293,Persona Natural,/system/procurements/attachments/000/091/616/original/ORDEN_DE_COMPRA_No._05293.pdf?1567530763,03/09/2019,03/09/2019,rnpn
57,5288,UACI,Servicios de publicación de aviso de convocatoria de Licitación Pública N° 01/2019-RNPN.,$169.50,"Dutriz Hermanos, S.A. DE C.V.",1 día calendario,Libre Gestión,02 de julio de 2019,5288,Persona Juridica,/system/procurements/attachments/000/091/614/original/ORDEN_DE_COMPRA_No._05288.pdf?1567530619,03/09/2019,03/09/2019,rnpn
58,5294,Servicios Generales,Materiales para readecuación de Oficina de OIR y Administración de Contratos,$151.20,"Electroferretera, S.A. DE C.V.",5 días hábiles,Libre Gestión,22 de julio de 2019,5294,Persona Juridica,/system/procurements/attachments/000/091/612/original/ORDEN_DE_COMPRA_No._05294.pdf?1567530423,03/09/2019,03/09/2019,rnpn
59,5290,Dirección de Registro de Personas Naturales,Mantenimiento correlativo para multifunción de Director de Registro de Personas Naturales,$309.55,"Calculadoras y Teclados, S.A. DE C.V.",Inmediata,Libre Gestión,10 de julio de 2019,5290,Persona Juridica,/system/procurements/attachments/000/091/611/original/ORDEN_DE_COMPRA_No._05290.pdf?1567530253,03/09/2019,03/09/2019,rnpn
60,5289,Unidad de Administración de Redes y Recursos Informáticos,42 licencias de software antivirus Kaspersky Internet Security,$892.08,Tomas Alberto Díaz Hernández,15 días calendarios,Libre Gestión,04 de julio de 2019,5289,Persona Natural,/system/procurements/attachments/000/091/610/original/ORDEN_DE_COMPRA_No._05289.pdf?1567529959,03/09/2019,03/09/2019,rnpn
61,5287,Departamento de Servicios Generales,Contratación de servicio de adecuación en local del paseo General Escalón (Cluster),"$6,830.61","Constructora Argus, S.A. DE C.V.",20 días calendarios posterior a la contratación,Libre Gestión,05 de junio de 2019,5287,Persona Juridica,/system/procurements/attachments/000/091/609/original/ORDEN_DE_COMPRA_No._05287.pdf?1567529756,03/09/2019,03/09/2019,rnpn
62,5285,Unidad Jurídica Registral,Servicio de alimentación para Jornada de Capacitación para Jefes del Registro del Estado Familiar,$170.00,Caro Yosemy Cortez de Bonilla,2 días hábiles,Libre Gestión,29 de mayo de 2019,5285,Persona Natural,/system/procurements/attachments/000/091/608/original/ORDEN_DE_COMPRA_No._05285.pdf?1567529488,03/09/2019,03/09/2019,rnpn
63,5286,Unidad de Adquisiciones y Contrataciones Institucionales.,10 blocks de formularios de orden de compra de bienes y servicios y 20 blocks de requisiciones de compra de bienes y servicios.,$325.00,"Impremark, S.A. DE C.V.",3 días calendario,Libre Gestión,29 de mayo de 2019,5286,Persona Juridica,/system/procurements/attachments/000/091/607/original/ORDEN_DE_COMPRA_No._05286.pdf?1567528952,03/09/2019,03/09/2019,rnpn
64,5278,Unidad de Recursos Humanos,"Mantenimiento correlativo para multifunción marca CANNON, modelo Image Runner 1435if.",$397.69,"Sistemas C&C, S.A. DE C.V.",3 días calendario,Libre Gestión,24 de mayo de 2019,5278,Persona Juridica,/system/procurements/attachments/000/091/606/original/ORDEN_DE_COMPRA_No._05278.pdf?1567528773,03/09/2019,03/09/2019,rnpn
65,5279,Unidad de Recursos Humanos,"Servicio de capacitación, Curso de eficiencia energética en equipos de climatización",$300.00,"Tecnologias Industriales, S.A. DE C.V.",30 días,Libre Gestión,28 de mayo de 2019,5279,Persona Juridica,/system/procurements/attachments/000/091/605/original/ORDEN_DE_COMPRA_No._05279.pdf?1567528566,03/09/2019,03/09/2019,rnpn
66,5273,Unidad de Recursos Humanos,Servicio de capacitación en Excel Intermedio y Tablas Dinámicas para personal del RNPN,$565.00,"Elite Technologies, S.A.DE C.V.",En coordinación con la Unidad Solicitante,Libre Gestión,06 de mayo de 2019,5273,Persona Juridica,/system/procurements/attachments/000/091/604/original/ORDEN_DE_COMPRA_No._05273.pdf?1567528306,03/09/2019,03/09/2019,rnpn
67,5277,Unidad de Comunicaciones,Adquisición de Softwarey licencia creative Cloud For Teams All apps,"$1,102.57","Corporación Orbital, S.A. DE C.V.",5 días hábiles,Libre Gestión,21 de mayo de 2019,5277,Persona Juridica,/system/procurements/attachments/000/091/603/original/ORDEN_DE_COMPRA_No._05277.pdf?1567528096,03/09/2019,03/09/2019,rnpn
68,5283,Clínica Empresarial del RNPN,Adquisición de medicamentos e insumos varios para uso de los empleados del RNPN para el año 2019.,$121.50,Electrolab Medic S.A. DE C.V.,30 días hábiles,Libre Gestión,29 de mayo de 2019,5283,Persona Juridica,/system/procurements/attachments/000/091/602/original/ORDEN_DE_COMPRA_No._05283.pdf?1567527879,03/09/2019,03/09/2019,rnpn
69,5282,Clínica Empresarial del RNPN,Adquisición de medicamentos e insumos varios para uso de los empleados del RNPN para el año 2019.,$66.28,Carlos Josue Ingles Cienfuegos,2-3 días hábiles,Libre Gestión,29 de mayo de 2019,5282,Persona Natural,/system/procurements/attachments/000/091/601/original/ORDEN_DE_COMPRA_No._05282.pdf?1567527687,03/09/2019,03/09/2019,rnpn
70,5281,Clínica Empresarial del RNPN,Adquisición de medicamentos e insumos varios para uso de los empleados del RNPN para el año 2019.,$14.00,"Pharmalat Americana, S.A. DE C.V.",Quince días calendario,Libre Gestión,29 de mayo de 2019,5281,Persona Juridica,/system/procurements/attachments/000/091/600/original/ORDEN_DE_COMPRA_No._05281.pdf?1567527389,03/09/2019,03/09/2019,rnpn
71,5280,Clínica Empresarial del RNPN,Adquisición de medicamentos e insumos varios para uso de los empleados del RNPN para el año 2019.,"$1,076.60",Industrias Farmacéuticas S.A. DE C.V.,Ocho días calendario.,Libre Gestión,29 de mayo de 2019,5280,Persona Juridica,/system/procurements/attachments/000/091/599/original/ORDEN_DE_COMPRA_No_05280.pdf?1567527097,03/09/2019,03/09/2019,rnpn
72,5276,Unidad Ambiental Institucional y Servicios Generales,Adquisición de herramientas de mantenimiento para uso en las instalaciones del RNPN,$750.36,"Electroferretera, S.A. DE C.V.",Ocho días hábiles.,Libre Gestión,16 de mayo de 2019,5276,Persona Juridica,/system/procurements/attachments/000/091/598/original/ORDEN_DE_COMPRA_No_05276.pdf?1567526826,03/09/2019,03/09/2019,rnpn
73,5274,Departamento de Archivo Central,"Adquisición de materiales varios para uso del departamento de Archivo Central (guantes, gorros médicos, mascarillas con filtro, protectores oculares, plumeros, gabachas).",$269.00,"Electroferretera, S.A. DE C.V.",Ocho días hábiles.,Libre Gestión,16 de mayo de 2019,5274,Persona Juridica,/system/procurements/attachments/000/091/596/original/ORDEN_DE_COMPRA_No._05274.pdf?1567526334,03/09/2019,03/09/2019,rnpn
74,5272,Unidad de Comunicaciones,Servicios de Impresión de 200 compendios de la Ley de Procedimientos Administrativos.,$600.00,CARLOS REMBERTO VILLEGAS MORALES,10 días calendario,Libre Gestión,30 de abril de 2019,5272,Persona Natural,/system/procurements/attachments/000/084/710/original/05272-_CARLOS_REMBERTO_VILLEGAS_MORALES.pdf?1558139453,17/05/2019,17/05/2019,rnpn
75,5071,5271,Adquisición de materiales para labores del Departamento de Servicios Generales.,"$1,073.01","ELECTRO FERRETERA, S.A. DE C.V.",OCHO DIAS HABILES,Libre Gestión,30 de abril de 2019,5271,Persona Jurídica,/system/procurements/attachments/000/084/709/original/ORDEN_DE_COMPRA_No._05271.pdf?1558139292,17/05/2019,17/05/2019,rnpn
76,5270,Coordinación de la Unidad de Suoervisión v Control de DUI Exterior,Contratación del Servicio de courier para envío de Duis a Estados Unidos de America y Canadá,"$2,850.00","GLOBAL CARGO DE EL SALVADOR, S.A. DE C.V.",1 mes calendario,Libre Gestión,25 de abril de 2019,5270,Persona Jurídica,/system/procurements/attachments/000/084/708/original/5270.pdf?1558139166,17/05/2019,17/05/2019,rnpn
77,5268,Departamento de Suministros,Materiales de oficina,"$1,329.45","DPG, S.A. DE C.V.",30 dias habiles,Libre Gestión,08 de abril de 2019,5268,Persona Jurídica,/system/procurements/attachments/000/084/707/original/05268_-_DPG__S.A._DE_C.V..pdf?1558138814,17/05/2019,17/05/2019,rnpn
78,5267,Departamento de Suministros,Materiales de oficina,$774.40,"LIBRERÍA CERVANTES, S.A. DE C.V.",5 dias habiles,Libre Gestión,08 de abril de 2019,5267,Persona Jurídica,/system/procurements/attachments/000/084/706/original/05267-_LIBRERIA_CERVANTES__S.A._DE_C.V..pdf?1558138672,17/05/2019,17/05/2019,rnpn
79,5266,Departamento de Suministros,Materiales de oficina,$469.90,"BUSINESS CENTER, S.A. DE C.V.",30 dias habiles,Libre Gestión,08 de abril de 2019,5266,Persona Jurídica,/system/procurements/attachments/000/084/705/original/05266-_BUSINESS_CENTER__S.A._DE_C.V..pdf?1558138540,17/05/2019,17/05/2019,rnpn
80,5265,Departamento de Suministros,Materiales de oficina,$301.50,"DATAPRINT DE EL SALVADOR, S.A. DE C.V.",5 dias calendario,Libre Gestión,08 de abril de 2019,5265,Persona Jurídica,/system/procurements/attachments/000/084/704/original/05265-_DATAPRINT_DE_EL_SALVADOR__S.A._DE_C.V..pdf?1558138400,17/05/2019,17/05/2019,rnpn
81,RNPN-24/2019,Dirección de Informática,Contratacion de Servicio de resguardo de documentos en caja o boveda de seguridad,"$1,140.00","INTELFON, S.A. DE C.V.",12 MESES A PARTIR DE LA EMISION DE LA ORDEN DE INICIO,Contrato,28 de marzo de 2019,RNPN-24/2019,Persona Jurídica,/system/procurements/attachments/000/084/732/original/CONTRATO_DEL_SERVICIO_DE_RESGUARDO_DE_DOCUMENTOS_EN_BOVEDA_DE_SEGURIDAD.pdf?1558144490,17/05/2019,17/05/2019,rnpn
82,RNPN-023/2019,Dirección de Informática,"Contratación del servicio de provisión, instalación, configuración y capacitación de monitoreo para la infraestructura del RNPN","$38,358.35","ECCSA EL SALVADOR, S.A. DE C.V.",01/04/2019 - 31/03/2020,Contrato,27 de marzo de 2019,RNPN-023/2019,Persona Jurídica,/system/procurements/attachments/000/084/731/original/CONTRATO_DEL_SERVICIO_DE_MONITOREO.pdf?1558144279,17/05/2019,17/05/2019,rnpn
83,RNPN-22/2019,Dirección de Identificación Ciudadana,Contratación del servicio de emisión de boletos aereos para cubrir vacaciones de los Asistentes Administrativos en los Centros de Servicio del exterior y misiones oficiales de la DIC durante al año 2019.,"$10,854.32","AGENCIA INTERNACIONAL DE VIAJES PANAMEX, S.A. DE C.V.",DESDE LA FECHA DE EMISION DE LA ORDEN DE INICIO HASTA EL 31/12/2019,Contrato,26 de marzo de 2019,RNPN-22/2019,Persona Jurídica,/system/procurements/attachments/000/084/730/original/CONTRATO_DEL_SERVICIO_DE_EMISION_DE_BOLETOS_AEREOS.pdf?1558143961,17/05/2019,17/05/2019,rnpn
84,5263,Departamento de Suministros,Productos químicos,"$3,715.00",MARIA GUILLERMINA AGUILAR JOVEL,15 días hábiles,Libre Gestión,26 de marzo de 2019,5263,Persona Natural,/system/procurements/attachments/000/084/728/original/05263-_MARIA_GUILLERMINA_AGUILAR_JOVEL.pdf?1558143536,17/05/2019,17/05/2019,rnpn
85,5264,BODEGA DE SUMINISTROS,Productos químicos,$34.80,JOSE EDGARDO HERNANDEZ PINEDA,15 días habiles,Libre Gestión,26 de marzo de 2019,5264,Persona Natural,/system/procurements/attachments/000/084/729/original/05264-_JOSE_EDGARDO_HERNANDEZ_PINEDA.pdf?1558143670,17/05/2019,17/05/2019,rnpn
86,5262,Departamento de Suministros,Materiales informáticos,$102.75,"TECNOLOGIA Y SUMINISTROS, S.A. DE C.V.",1 día habil,Libre Gestión,25 de marzo de 2019,5262,Persona Jurídica,/system/procurements/attachments/000/084/727/original/05262-TECNOLOGIA_Y_SUMINISTROS__S.A._DE_C.V..pdf?1558143232,17/05/2019,17/05/2019,rnpn
87,5261,Departamento de Suministros,Materiales informáticos,$581.25,"DATA & GRAPHICS, S.A. DE C.V.",30 dias habiles,Libre Gestión,25 de marzo de 2019,5261,Persona Jurídica,/system/procurements/attachments/000/084/725/original/05261-DATA_GRAPHICS__S.A._DE_C.V..pdf?1558143155,17/05/2019,17/05/2019,rnpn
88,5257,Departamento de Suministros,300 tarros de jabon para lavar trastos,$249.00,JOSE EDGARDO HERNANDEZ PINEDA,5257,Libre Gestión,21 de marzo de 2019,5257,Persona Natural,/system/procurements/attachments/000/084/722/original/ORDEN_DE_COMPRA_No._05257.pdf?1558142384,17/05/2019,17/05/2019,rnpn
89,5258,Unidad de Acceso a la Información Pública,"Mantenimiento correctivo de multifuncion marca Ricoh, ubicada en la Unidad de Acceso a la Informacion.",$249.00,JOSE EDGARDO HERNANDEZ PINEDA,DIEZ DIAS CALENDARIO,Libre Gestión,21 de marzo de 2019,5258,Persona Natural,/system/procurements/attachments/000/084/721/original/ORDEN_DE_COMPRA_No._05258.pdf?1558142028,17/05/2019,17/05/2019,rnpn
90,5259,Departamento de Suministros,Materiales informáticos,"$22,066.86","DPG, S.A. DE C.V.",30 dias habiles,Libre Gestión,21 de marzo de 2019,5259,Persona Jurídica,/system/procurements/attachments/000/084/723/original/05259-DPG__S.A._DE_C.V..pdf?1558142597,17/05/2019,17/05/2019,rnpn
91,5260,Departamento de Suministros,Materiales informáticos,"$5,349.50","BUSINESS CENTER, S.A. DE C.V.",30 dias habiles,Libre Gestión,25 de marzo de 2019,5260,Persona Jurídica,/system/procurements/attachments/000/084/724/original/05260-BUSINESS_CENTER__S.A..pdf?1558142728,17/05/2019,17/05/2019,rnpn
92,5256,Departamento de Suministros,Productos de papel y cartón,"$2,520.00","REAL INVERSIONES, LTDA. DE C.V.",30 días calendario,Libre Gestión,20 de marzo de 2019,5256,Persona Jurídica,/system/procurements/attachments/000/084/700/original/05256_REAL_INVERSIONES_LTDA..pdf?1558129598,17/05/2019,17/05/2019,rnpn
93,5254,Departamento de Suministros,Productos de papel y cartón,"$4,620.00",ACOACEIG DE R.L.,30 días calendario,Libre Gestión,20 de marzo de 2019,5254,Persona Jurídica,/system/procurements/attachments/000/084/698/original/05254-ACOACEIG_DE_R.L.pdf?1558129061,17/05/2019,17/05/2019,rnpn
94,05252,Departamento de Suministros,Productos de papel y cartón,$170.00,"DPG, S.A. DE C.V.",30 días habiles,Libre Gestión,20 de marzo de 2019,05252,Persona Jurídica,/system/procurements/attachments/000/084/696/original/05252_-DPG__S.A._DE_C.V..pdf?1558128727,17/05/2019,17/05/2019,rnpn
95,5253,Departamento de Suministros,Productos de papel y cartón,$662.50,JOSE EDGARDO HERNANDEZ PINEDA,15 días habiles,Libre Gestión,20 de marzo de 2019,5253,Persona Natural,/system/procurements/attachments/000/084/697/original/05253-JOSE_EDGARDO_HERNANDEZ_PINEDA.pdf?1558128878,17/05/2019,17/05/2019,rnpn
96,5255,Departamento de Suministros,Productos de papel y cartón,$563.50,"DATAPRINT DE EL SALVADOR, S.A. DE C.V.",8 días calendario,Libre Gestión,20 de marzo de 2019,5255,Persona Jurídica,/system/procurements/attachments/000/084/699/original/05255-DATAPRINT_DE_EL_SALVADOR__S.A._DE_C.V..pdf?1558129315,17/05/2019,17/05/2019,rnpn
97,5251,Departamento de Suministros,Productos de papel y cartón,$80.00,"BUSINESS CENTER, S.A. DE C.V.",30 días habiles,Libre Gestión,20 de marzo de 2019,5251,Persona Jurídica,/system/procurements/attachments/000/084/695/original/05251-BUSINESS._CENTER__S.A._DE_C.V..pdf?1558128508,17/05/2019,17/05/2019,rnpn
98,5245,Departamento de Archivo Central,250 cajas de cartón,$240.00,"PROTECTORES CORRUGADOS Y PLEGADISOS, S.A. DE C.V.",QUINCE DIAS CALENDARIO,Libre Gestión,14 de marzo de 2019,5245,Persona Jurídica,/system/procurements/attachments/000/084/717/original/ORDEN_DE_COMPRA_No._05245.pdf?1558141265,17/05/2019,17/05/2019,rnpn
99,RNPN-21/2019,Departamento de Suministros,Adquisicion de 850 libras de café,"$2,805.00","INVERSIONES 360, S.A. DE C.V.",01/03/2019 - 31/12/2019,Libre Gestión,01 de marzo de 2019,RNPN-21/2019,Persona Jurídica,/system/procurements/attachments/000/084/691/original/CONTRATO_DEL_SUMINISTRO_DE_CAFE.pdf?1558127947,17/05/2019,17/05/2019,rnpn
