office,office_name,level,object,object_name,enacted_2020,proposed_2021,diff
0200,CORTE DE CUENTAS,CG,51,Remuneraciones,34417115.0,34413575.0,-3540.0
0200,CORTE DE CUENTAS,CG,54,Adquisiciones de Bienes y Servicios,5627190.0,5189101.0,-438089.0
0200,CORTE DE CUENTAS,CG,55,Gastos Financieros y Otros,3062550.0,3205150.0,142600.0
0200,CORTE DE CUENTAS,CG,56,Transferencias Corrientes,13000.0,13000.0,0.0
0200,CORTE DE CUENTAS,CG,61,Inversiones en Activos Fijos,1152720.0,889030.0,-263690.0
0300,TRIBUNAL SUPREMO ELECTORAL,CG,51,Remuneraciones,8658720.0,8886180.0,227460.0
0300,TRIBUNAL SUPREMO ELECTORAL,CG,54,Adquisiciones de Bienes y Servicios,1490290.0,1984201.0,493911.0
0300,TRIBUNAL SUPREMO ELECTORAL,CG,55,Gastos Financieros y Otros,135560.0,164090.0,28530.0
0300,TRIBUNAL SUPREMO ELECTORAL,CG,56,Transferencias Corrientes,7142455.0,6871860.0,-270595.0
0301,REGISTRO NACIONAL DE LAS PERSONAS NATURALES  (RNPN),DE,51,Remuneraciones,6183155.0,6192005.0,8850.0
0301,REGISTRO NACIONAL DE LAS PERSONAS NATURALES  (RNPN),DE,54,Adquisiciones de Bienes y Servicios,11219465.0,12242475.0,1023010.0
0301,REGISTRO NACIONAL DE LAS PERSONAS NATURALES  (RNPN),DE,55,Gastos Financieros y Otros,178455.0,189260.0,10805.0
0301,REGISTRO NACIONAL DE LAS PERSONAS NATURALES  (RNPN),DE,61,Inversiones en Activos Fijos,26455.0,509270.0,482815.0
0400,TRIBUNAL DE SERVICIO CIVIL,CG,51,Remuneraciones,640385.0,692560.0,52175.0
0400,TRIBUNAL DE SERVICIO CIVIL,CG,54,Adquisiciones de Bienes y Servicios,294065.0,312055.0,17990.0
0400,TRIBUNAL DE SERVICIO CIVIL,CG,55,Gastos Financieros y Otros,5210.0,5860.0,650.0
0400,TRIBUNAL DE SERVICIO CIVIL,CG,61,Inversiones en Activos Fijos,10000.0,10000.0,0.0
0500,PRESIDENCIA,CG,51,Remuneraciones,24178120.0,24224400.0,46280.0
0500,PRESIDENCIA,CG,54,Adquisiciones de Bienes y Servicios,33288863.0,23875523.0,-9413340.0
0500,PRESIDENCIA,CG,55,Gastos Financieros y Otros,1872980.0,540960.0,-1332020.0
0500,PRESIDENCIA,CG,56,Transferencias Corrientes,29583175.0,29683505.0,100330.0
0500,PRESIDENCIA,CG,61,Inversiones en Activos Fijos,2413525.0,2429850.0,16325.0
0500,PRESIDENCIA,CG,62,Transferencias de Capital,2550000.0,3165000.0,615000.0
0501,INST NACIONAL DE LOS DEPORTES DE EL SALVADOR (INDES),DE,51,Remuneraciones,3946720.0,5536525.0,1589805.0
0501,INST NACIONAL DE LOS DEPORTES DE EL SALVADOR (INDES),DE,54,Adquisiciones de Bienes y Servicios,4184210.0,4307740.0,123530.0
0501,INST NACIONAL DE LOS DEPORTES DE EL SALVADOR (INDES),DE,55,Gastos Financieros y Otros,201000.0,184450.0,-16550.0
0501,INST NACIONAL DE LOS DEPORTES DE EL SALVADOR (INDES),DE,56,Transferencias Corrientes,9438830.0,7230120.0,-2208710.0
0501,INST NACIONAL DE LOS DEPORTES DE EL SALVADOR (INDES),DE,61,Inversiones en Activos Fijos,2632365.0,3063050.0,430685.0
0504,INST SALV P EL DESARROLLO DE LA MUJER (ISDEMU),DE,51,Remuneraciones,3690390.0,3687345.0,-3045.0
0504,INST SALV P EL DESARROLLO DE LA MUJER (ISDEMU),DE,54,Adquisiciones de Bienes y Servicios,1933495.0,1734995.0,-198500.0
0504,INST SALV P EL DESARROLLO DE LA MUJER (ISDEMU),DE,55,Gastos Financieros y Otros,45135.0,38205.0,-6930.0
0504,INST SALV P EL DESARROLLO DE LA MUJER (ISDEMU),DE,56,Transferencias Corrientes,434790.0,434790.0,0.0
0504,INST SALV P EL DESARROLLO DE LA MUJER (ISDEMU),DE,61,Inversiones en Activos Fijos,36050.0,284525.0,248475.0
0551,COMISION NAC DE PROMOCION DE EXPORT E INVERSIONES (CONADEI),DE,51,Remuneraciones,2305425.0,2309205.0,3780.0
0551,COMISION NAC DE PROMOCION DE EXPORT E INVERSIONES (CONADEI),DE,54,Adquisiciones de Bienes y Servicios,782250.0,757205.0,-25045.0
0551,COMISION NAC DE PROMOCION DE EXPORT E INVERSIONES (CONADEI),DE,55,Gastos Financieros y Otros,56790.0,55355.0,-1435.0
0551,COMISION NAC DE PROMOCION DE EXPORT E INVERSIONES (CONADEI),DE,61,Inversiones en Activos Fijos,12205.0,34905.0,22700.0
0600,TRIBUNAL DE ÉTICA GUBERNAMENTAL,CG,51,Remuneraciones,1873281.0,1883224.0,9943.0
0600,TRIBUNAL DE ÉTICA GUBERNAMENTAL,CG,54,Adquisiciones de Bienes y Servicios,684565.0,645985.0,-38580.0
0600,TRIBUNAL DE ÉTICA GUBERNAMENTAL,CG,55,Gastos Financieros y Otros,186000.0,140700.0,-45300.0
0600,TRIBUNAL DE ÉTICA GUBERNAMENTAL,CG,61,Inversiones en Activos Fijos,18220.0,23700.0,5480.0
0650,INST DE ACCESO A LA INFORMACION PUBLICA (IAIP),DE,51,Remuneraciones,1142315.0,1376780.0,234465.0
0650,INST DE ACCESO A LA INFORMACION PUBLICA (IAIP),DE,54,Adquisiciones de Bienes y Servicios,625170.0,388188.0,-236982.0
0650,INST DE ACCESO A LA INFORMACION PUBLICA (IAIP),DE,55,Gastos Financieros y Otros,72350.0,72400.0,50.0
0700, HACIENDA,CG,51,Remuneraciones,60674660.0,60468650.0,-206010.0
0700, HACIENDA,CG,54,Adquisiciones de Bienes y Servicios,39634958.0,39740723.0,105765.0
0700, HACIENDA,CG,55,Gastos Financieros y Otros,5040310.0,5140200.0,99890.0
0700, HACIENDA,CG,56,Transferencias Corrientes,804815.0,12500.0,-792315.0
0700, HACIENDA,CG,61,Inversiones en Activos Fijos,5688730.0,6344165.0,655435.0
0700,DEUDA PÚBLICA,CG,55,Gastos Financieros y Otros,780519380.0,877882980.0,97363600.0
0700,DEUDA PÚBLICA,CG,71,Amortización de Endeudamiento Público,321518650.0,283667000.0,-37851650.0
0700,TRANSFERENCIAS Y OBLIGACIONES GENERALES,CG,55,Gastos Financieros y Otros,11550000.0,11550000.0,0.0
0700,TRANSFERENCIAS Y OBLIGACIONES GENERALES,CG,56,Transferencias Corrientes,646019081.0,766326661.0,120307580.0
0700,TRANSFERENCIAS Y OBLIGACIONES GENERALES,CG,62,Transferencias de Capital,552483206.0,486870316.0,-65612890.0
0701,LOTERIA NACIONAL DE BENEFICENCIA  (LNB),DE,51,Remuneraciones,4203665.0,4338620.0,134955.0
0701,LOTERIA NACIONAL DE BENEFICENCIA  (LNB),DE,54,Adquisiciones de Bienes y Servicios,4177950.0,3742995.0,-434955.0
0701,LOTERIA NACIONAL DE BENEFICENCIA  (LNB),DE,55,Gastos Financieros y Otros,10188990.0,10188990.0,0.0
0701,LOTERIA NACIONAL DE BENEFICENCIA  (LNB),DE,56,Transferencias Corrientes,32718895.0,32718895.0,0.0
0701,LOTERIA NACIONAL DE BENEFICENCIA  (LNB),DE,61,Inversiones en Activos Fijos,364000.0,664000.0,300000.0
0702,INST NAC.DE PENSIONES DE LOS EMPLEADOS PUBLICOS (INPEP),DE,51,Remuneraciones,4595850.0,4595850.0,0.0
0702,INST NAC.DE PENSIONES DE LOS EMPLEADOS PUBLICOS (INPEP),DE,53,Prestaciones de la Seguridad Social,257766500.0,258625265.0,858765.0
0702,INST NAC.DE PENSIONES DE LOS EMPLEADOS PUBLICOS (INPEP),DE,54,Adquisiciones de Bienes y Servicios,1708560.0,1761225.0,52665.0
0702,INST NAC.DE PENSIONES DE LOS EMPLEADOS PUBLICOS (INPEP),DE,55,Gastos Financieros y Otros,498140.0,497910.0,-230.0
0702,INST NAC.DE PENSIONES DE LOS EMPLEADOS PUBLICOS (INPEP),DE,56,Transferencias Corrientes,8000.0,8000.0,0.0
0702,INST NAC.DE PENSIONES DE LOS EMPLEADOS PUBLICOS (INPEP),DE,61,Inversiones en Activos Fijos,321285.0,155415.0,-165870.0
0800,MINSTERIO DE RELACIONES EXTERIORES,CG,51,Remuneraciones,29514225.0,29055875.0,-458350.0
0800,MINSTERIO DE RELACIONES EXTERIORES,CG,54,Adquisiciones de Bienes y Servicios,13393650.0,29335915.0,15942265.0
0800,MINSTERIO DE RELACIONES EXTERIORES,CG,55,Gastos Financieros y Otros,1845830.0,1191140.0,-654690.0
0800,MINSTERIO DE RELACIONES EXTERIORES,CG,61,Inversiones en Activos Fijos,160400.0,158600.0,-1800.0
0900,DEFENSA NACIONAL,CG,51,Remuneraciones,172028687.0,200064015.0,28035328.0
0900,DEFENSA NACIONAL,CG,54,Adquisiciones de Bienes y Servicios,43665700.0,42727380.0,-938320.0
0900,DEFENSA NACIONAL,CG,55,Gastos Financieros y Otros,1002970.0,1002965.0,-5.0
0900,DEFENSA NACIONAL,CG,56,Transferencias Corrientes,2137720.0,2237720.0,100000.0
0900,DEFENSA NACIONAL,CG,61,Inversiones en Activos Fijos,1550002.0,1939379.0,389377.0
1500,CONSEJO NACIONAL DE LA JUDICATURA,CG,51,Remuneraciones,4154430.0,4197815.0,43385.0
1500,CONSEJO NACIONAL DE LA JUDICATURA,CG,54,Adquisiciones de Bienes y Servicios,1560520.0,1423408.0,-137112.0
1500,CONSEJO NACIONAL DE LA JUDICATURA,CG,55,Gastos Financieros y Otros,780325.0,676800.0,-103525.0
1500,CONSEJO NACIONAL DE LA JUDICATURA,CG,56,Transferencias Corrientes,10250.0,10250.0,0.0
1600,CORTE SUPREMA DE JUSTICIA,CG,51,Remuneraciones,228205380.0,226117750.0,-2087630.0
1600,CORTE SUPREMA DE JUSTICIA,CG,54,Adquisiciones de Bienes y Servicios,47635985.0,44892595.0,-2743390.0
1600,CORTE SUPREMA DE JUSTICIA,CG,55,Gastos Financieros y Otros,11827255.0,12465390.0,638135.0
1600,CORTE SUPREMA DE JUSTICIA,CG,56,Transferencias Corrientes,42990.0,42590.0,-400.0
1600,CORTE SUPREMA DE JUSTICIA,CG,61,Inversiones en Activos Fijos,14538655.0,6480450.0,-8058205.0
1700,FISCALIA GENERAL,CG,51,Remuneraciones,45787635.0,49749960.0,3962325.0
1700,FISCALIA GENERAL,CG,54,Adquisiciones de Bienes y Servicios,15925629.0,12017164.0,-3908465.0
1700,FISCALIA GENERAL,CG,55,Gastos Financieros y Otros,5632275.0,6051365.0,419090.0
1700,FISCALIA GENERAL,CG,61,Inversiones en Activos Fijos,24174915.0,36395960.0,12221045.0
1800,PROCURADURIA GENERAL,CG,51,Remuneraciones,27060615.0,29666290.0,2605675.0
1800,PROCURADURIA GENERAL,CG,54,Adquisiciones de Bienes y Servicios,5924257.0,2802026.0,-3122231.0
1800,PROCURADURIA GENERAL,CG,55,Gastos Financieros y Otros,165460.0,173890.0,8430.0
1800,PROCURADURIA GENERAL,CG,61,Inversiones en Activos Fijos,1020300.0,1036000.0,15700.0
1900,PROCURADURIA PARA LA DEFENSA DE LOS DERECHOS HUMANOS,CG,51,Remuneraciones,7902750.0,8309150.0,406400.0
1900,PROCURADURIA PARA LA DEFENSA DE LOS DERECHOS HUMANOS,CG,54,Adquisiciones de Bienes y Servicios,2659864.0,1977228.0,-682636.0
1900,PROCURADURIA PARA LA DEFENSA DE LOS DERECHOS HUMANOS,CG,55,Gastos Financieros y Otros,78735.0,88985.0,10250.0
1900,PROCURADURIA PARA LA DEFENSA DE LOS DERECHOS HUMANOS,CG,56,Transferencias Corrientes,9500.0,9500.0,0.0
1900,PROCURADURIA PARA LA DEFENSA DE LOS DERECHOS HUMANOS,CG,61,Inversiones en Activos Fijos,36555.0,36555.0,0.0
2300, GOBERNACION,CG,51,Remuneraciones,21261270.0,19898060.0,-1363210.0
2300, GOBERNACION,CG,54,Adquisiciones de Bienes y Servicios,4723194.0,3335088.0,-1388106.0
2300, GOBERNACION,CG,55,Gastos Financieros y Otros,4663540.0,4627090.0,-36450.0
2300, GOBERNACION,CG,56,Transferencias Corrientes,31983525.0,102576836.0,70593311.0
2300, GOBERNACION,CG,61,Inversiones en Activos Fijos,192010.0,11648720.0,11456710.0
2303,INST SALV DE DESARROLLO MUNICIPAL (ISDEM),DE,51,Remuneraciones,2954735.0,3020965.0,66230.0
2303,INST SALV DE DESARROLLO MUNICIPAL (ISDEM),DE,54,Adquisiciones de Bienes y Servicios,1243800.0,1083570.0,-160230.0
2303,INST SALV DE DESARROLLO MUNICIPAL (ISDEM),DE,55,Gastos Financieros y Otros,1489000.0,1421450.0,-67550.0
2303,INST SALV DE DESARROLLO MUNICIPAL (ISDEM),DE,56,Transferencias Corrientes,12330.0,12330.0,0.0
2303,INST SALV DE DESARROLLO MUNICIPAL (ISDEM),DE,61,Inversiones en Activos Fijos,103060.0,55355.0,-47705.0
2303,INST SALV DE DESARROLLO MUNICIPAL (ISDEM),DE,62,Transferencias de Capital,495486420.0,452918820.0,-42567600.0
2303,INST SALV DE DESARROLLO MUNICIPAL (ISDEM),DE,63,Inversiones Financieras,6309220.0,7391560.0,1082340.0
2303,INST SALV DE DESARROLLO MUNICIPAL (ISDEM),DE,71,Amortización de Endeudamiento Público,773205.0,740135.0,-33070.0
2400, SEGURIDAD PUBLICA Y JUSTICIA,CG,51,Remuneraciones,389980290.0,462308469.0,72328179.0
2400, SEGURIDAD PUBLICA Y JUSTICIA,CG,54,Adquisiciones de Bienes y Servicios,101369587.0,107723799.0,6354212.0
2400, SEGURIDAD PUBLICA Y JUSTICIA,CG,55,Gastos Financieros y Otros,804385.0,4865930.0,4061545.0
2400, SEGURIDAD PUBLICA Y JUSTICIA,CG,56,Transferencias Corrientes,21808704.0,20193504.0,-1615200.0
2400, SEGURIDAD PUBLICA Y JUSTICIA,CG,61,Inversiones en Activos Fijos,34112954.0,54497590.0,20384636.0
2400, SEGURIDAD PUBLICA Y JUSTICIA,CG,62,Transferencias de Capital,6600000.0,5667000.0,-933000.0
2401,ACADEMIA NACIONAL DE SEGURIDAD PUBLICA   (ANSP),DE,51,Remuneraciones,7070825.0,7238985.0,168160.0
2401,ACADEMIA NACIONAL DE SEGURIDAD PUBLICA   (ANSP),DE,54,Adquisiciones de Bienes y Servicios,3514546.0,5214956.0,1700410.0
2401,ACADEMIA NACIONAL DE SEGURIDAD PUBLICA   (ANSP),DE,55,Gastos Financieros y Otros,216855.0,192295.0,-24560.0
2401,ACADEMIA NACIONAL DE SEGURIDAD PUBLICA   (ANSP),DE,56,Transferencias Corrientes,636065.0,485955.0,-150110.0
2401,ACADEMIA NACIONAL DE SEGURIDAD PUBLICA   (ANSP),DE,61,Inversiones en Activos Fijos,555000.0,5430500.0,4875500.0
2402,UNIDAD TECNICA EJECUTIVA DEL SECTOR JUSTICIA  (UTE),DE,51,Remuneraciones,1711095.0,1791375.0,80280.0
2402,UNIDAD TECNICA EJECUTIVA DEL SECTOR JUSTICIA  (UTE),DE,54,Adquisiciones de Bienes y Servicios,1005432.0,988412.0,-17020.0
2402,UNIDAD TECNICA EJECUTIVA DEL SECTOR JUSTICIA  (UTE),DE,55,Gastos Financieros y Otros,56800.0,61255.0,4455.0
2402,UNIDAD TECNICA EJECUTIVA DEL SECTOR JUSTICIA  (UTE),DE,56,Transferencias Corrientes,3253700.0,3253700.0,0.0
2402,UNIDAD TECNICA EJECUTIVA DEL SECTOR JUSTICIA  (UTE),DE,61,Inversiones en Activos Fijos,11315.0,29000.0,17685.0
2403,CONSEJO NACIONAL DE ADMINISTRACION DE BIENES (CONAB),DE,51,Remuneraciones,564525.0,594730.0,30205.0
2403,CONSEJO NACIONAL DE ADMINISTRACION DE BIENES (CONAB),DE,54,Adquisiciones de Bienes y Servicios,126421.0,301816.0,175395.0
2403,CONSEJO NACIONAL DE ADMINISTRACION DE BIENES (CONAB),DE,55,Gastos Financieros y Otros,19600.0,19600.0,0.0
3100, EDUCACION,CG,51,Remuneraciones,710234875.0,769189395.0,58954520.0
3100, EDUCACION,CG,54,Adquisiciones de Bienes y Servicios,53613525.0,49828973.0,-3784552.0
3100, EDUCACION,CG,55,Gastos Financieros y Otros,1107500.0,540295.0,-567205.0
3100, EDUCACION,CG,56,Transferencias Corrientes,194193790.0,196027865.0,1834075.0
3100, EDUCACION,CG,61,Inversiones en Activos Fijos,34511685.0,225180345.0,190668660.0
3100, EDUCACION,CG,62,Transferencias de Capital,45581115.0,79667580.0,34086465.0
3105,CAJA MUTUAL DE LOS EMPLEADOS DEL MINISTERIO DE EDUCACION,DE,51,Remuneraciones,2125100.0,2040360.0,-84740.0
3105,CAJA MUTUAL DE LOS EMPLEADOS DEL MINISTERIO DE EDUCACION,DE,54,Adquisiciones de Bienes y Servicios,1317640.0,1518305.0,200665.0
3105,CAJA MUTUAL DE LOS EMPLEADOS DEL MINISTERIO DE EDUCACION,DE,55,Gastos Financieros y Otros,149960.0,153960.0,4000.0
3105,CAJA MUTUAL DE LOS EMPLEADOS DEL MINISTERIO DE EDUCACION,DE,56,Transferencias Corrientes,5169870.0,6895735.0,1725865.0
3105,CAJA MUTUAL DE LOS EMPLEADOS DEL MINISTERIO DE EDUCACION,DE,61,Inversiones en Activos Fijos,124770.0,157785.0,33015.0
3105,CAJA MUTUAL DE LOS EMPLEADOS DEL MINISTERIO DE EDUCACION,DE,63,Inversiones Financieras,14166760.0,7011948.0,-7154812.0
3106,INST.SALV. P EL DESARR.INTEG DE LA NIÑEZ Y ADOLESC   (ISNA),DE,51,Remuneraciones,14404445.0,14404450.0,5.0
3106,INST.SALV. P EL DESARR.INTEG DE LA NIÑEZ Y ADOLESC   (ISNA),DE,54,Adquisiciones de Bienes y Servicios,4697490.0,4462611.0,-234879.0
3106,INST.SALV. P EL DESARR.INTEG DE LA NIÑEZ Y ADOLESC   (ISNA),DE,55,Gastos Financieros y Otros,109755.0,109755.0,0.0
3106,INST.SALV. P EL DESARR.INTEG DE LA NIÑEZ Y ADOLESC   (ISNA),DE,56,Transferencias Corrientes,2030755.0,1795880.0,-234875.0
3106,INST.SALV. P EL DESARR.INTEG DE LA NIÑEZ Y ADOLESC   (ISNA),DE,61,Inversiones en Activos Fijos,105000.0,17869535.0,17764535.0
3107,INST SALVADOREÑO DE BIENESTAR MAGISTERIAL - ISBM,DE,51,Remuneraciones,12809650.0,13570660.0,761010.0
3107,INST SALVADOREÑO DE BIENESTAR MAGISTERIAL - ISBM,DE,53,Prestaciones de la Seguridad Social,261000.0,290000.0,29000.0
3107,INST SALVADOREÑO DE BIENESTAR MAGISTERIAL - ISBM,DE,54,Adquisiciones de Bienes y Servicios,42123610.0,43767255.0,1643645.0
3107,INST SALVADOREÑO DE BIENESTAR MAGISTERIAL - ISBM,DE,55,Gastos Financieros y Otros,123500.0,120000.0,-3500.0
3107,INST SALVADOREÑO DE BIENESTAR MAGISTERIAL - ISBM,DE,56,Transferencias Corrientes,25000.0,10000.0,-15000.0
3107,INST SALVADOREÑO DE BIENESTAR MAGISTERIAL - ISBM,DE,61,Inversiones en Activos Fijos,2799130.0,1242000.0,-1557130.0
3107,INST SALVADOREÑO DE BIENESTAR MAGISTERIAL - ISBM,DE,63,Inversiones Financieras,150000.0,100000.0,-50000.0
3108,CONSEJO NACIONAL DE LA NIÑEZ Y ADOLESCENCIA (CONNA),DE,51,Remuneraciones,5249820.0,5812140.0,562320.0
3108,CONSEJO NACIONAL DE LA NIÑEZ Y ADOLESCENCIA (CONNA),DE,54,Adquisiciones de Bienes y Servicios,1115160.0,1504777.0,389617.0
3108,CONSEJO NACIONAL DE LA NIÑEZ Y ADOLESCENCIA (CONNA),DE,55,Gastos Financieros y Otros,49755.0,11480.0,-38275.0
3108,CONSEJO NACIONAL DE LA NIÑEZ Y ADOLESCENCIA (CONNA),DE,56,Transferencias Corrientes,90720.0,86400.0,-4320.0
3108,CONSEJO NACIONAL DE LA NIÑEZ Y ADOLESCENCIA (CONNA),DE,61,Inversiones en Activos Fijos,40133.0,1898455.0,1858322.0
3200, SALUD PUBLICA,CG,51,Remuneraciones,210768660.0,264544815.0,53776155.0
3200, SALUD PUBLICA,CG,54,Adquisiciones de Bienes y Servicios,73097317.0,120274459.0,47177142.0
3200, SALUD PUBLICA,CG,55,Gastos Financieros y Otros,1473235.0,1521735.0,48500.0
3200, SALUD PUBLICA,CG,56,Transferencias Corrientes,408870040.0,517728575.0,108858535.0
3200, SALUD PUBLICA,CG,61,Inversiones en Activos Fijos,17436617.0,85601330.0,68164713.0
3200, SALUD PUBLICA,CG,81,Transferencias de Contribuciones Especiales,46206785.0,44631828.0,-1574957.0
3201,HOSP ROSALES,DE,51,Remuneraciones,31357955.0,33065580.0,1707625.0
3201,HOSP ROSALES,DE,54,Adquisiciones de Bienes y Servicios,29659585.0,29593490.0,-66095.0
3201,HOSP ROSALES,DE,55,Gastos Financieros y Otros,114160.0,112335.0,-1825.0
3201,HOSP ROSALES,DE,61,Inversiones en Activos Fijos,372100.0,84130.0,-287970.0
3202,HOSP BENJAMIN BLOOM,DE,51,Remuneraciones,26689560.0,28291510.0,1601950.0
3202,HOSP BENJAMIN BLOOM,DE,54,Adquisiciones de Bienes y Servicios,17080280.0,17328715.0,248435.0
3202,HOSP BENJAMIN BLOOM,DE,55,Gastos Financieros y Otros,30030.0,28030.0,-2000.0
3202,HOSP BENJAMIN BLOOM,DE,56,Transferencias Corrientes,3500.0,10000.0,6500.0
3202,HOSP BENJAMIN BLOOM,DE,61,Inversiones en Activos Fijos,59800.0,10000.0,-49800.0
3203,"HOSP DE MATERNIDAD DR. RAUL ARGUELLO ESCOLAN""",DE,51,Remuneraciones,16480790.0,17718420.0,1237630.0
3203,"HOSP DE MATERNIDAD DR. RAUL ARGUELLO ESCOLAN""",DE,54,Adquisiciones de Bienes y Servicios,4977010.0,6737380.0,1760370.0
3203,"HOSP DE MATERNIDAD DR. RAUL ARGUELLO ESCOLAN""",DE,55,Gastos Financieros y Otros,8065.0,10565.0,2500.0
3203,"HOSP DE MATERNIDAD DR. RAUL ARGUELLO ESCOLAN""",DE,61,Inversiones en Activos Fijos,4000.0,114000.0,110000.0
3204,"HOSP PSIQUIATRICO DR.JOSE MOLINA MARTINEZ""",DE,51,Remuneraciones,10471005.0,11415210.0,944205.0
3204,"HOSP PSIQUIATRICO DR.JOSE MOLINA MARTINEZ""",DE,54,Adquisiciones de Bienes y Servicios,5806280.0,5842505.0,36225.0
3204,"HOSP PSIQUIATRICO DR.JOSE MOLINA MARTINEZ""",DE,55,Gastos Financieros y Otros,19440.0,19465.0,25.0
3205,"HOSP DE NEUMOLOGIA DR. JOSE ANTONIO ZALDAÑA""",DE,51,Remuneraciones,7808965.0,8127250.0,318285.0
3205,"HOSP DE NEUMOLOGIA DR. JOSE ANTONIO ZALDAÑA""",DE,54,Adquisiciones de Bienes y Servicios,3173045.0,3617190.0,444145.0
3205,"HOSP DE NEUMOLOGIA DR. JOSE ANTONIO ZALDAÑA""",DE,55,Gastos Financieros y Otros,20500.0,26000.0,5500.0
3206,"HOSP SAN JUAN DE DIOS"",  SANTA ANA""",DE,51,Remuneraciones,18596820.0,19434745.0,837925.0
3206,"HOSP SAN JUAN DE DIOS"",  SANTA ANA""",DE,54,Adquisiciones de Bienes y Servicios,13724650.0,14445685.0,721035.0
3206,"HOSP SAN JUAN DE DIOS"",  SANTA ANA""",DE,55,Gastos Financieros y Otros,57400.0,57400.0,0.0
3206,"HOSP SAN JUAN DE DIOS"",  SANTA ANA""",DE,56,Transferencias Corrientes,1200.0,1200.0,0.0
3206,"HOSP SAN JUAN DE DIOS"",  SANTA ANA""",DE,61,Inversiones en Activos Fijos,158320.0,50880.0,-107440.0
3207,"HOSP FRANCISCO MENENDEZ"", AHUACHAPAN""",DE,51,Remuneraciones,6796065.0,7351360.0,555295.0
3207,"HOSP FRANCISCO MENENDEZ"", AHUACHAPAN""",DE,54,Adquisiciones de Bienes y Servicios,2814810.0,3424605.0,609795.0
3207,"HOSP FRANCISCO MENENDEZ"", AHUACHAPAN""",DE,55,Gastos Financieros y Otros,17870.0,19850.0,1980.0
3207,"HOSP FRANCISCO MENENDEZ"", AHUACHAPAN""",DE,61,Inversiones en Activos Fijos,109100.0,75105.0,-33995.0
3208,"HOSPDR.JORGE MAZZINI VILLACORTA"", SONSONATE""",DE,51,Remuneraciones,9359790.0,10105735.0,745945.0
3208,"HOSPDR.JORGE MAZZINI VILLACORTA"", SONSONATE""",DE,54,Adquisiciones de Bienes y Servicios,3982940.0,4205205.0,222265.0
3208,"HOSPDR.JORGE MAZZINI VILLACORTA"", SONSONATE""",DE,55,Gastos Financieros y Otros,59770.0,63370.0,3600.0
3208,"HOSPDR.JORGE MAZZINI VILLACORTA"", SONSONATE""",DE,61,Inversiones en Activos Fijos,18000.0,18000.0,0.0
3209,"HOSP DR.LUIS EDMUNDO VASQUEZ"", CHALATENANGO""",DE,51,Remuneraciones,4902025.0,5262000.0,359975.0
3209,"HOSP DR.LUIS EDMUNDO VASQUEZ"", CHALATENANGO""",DE,54,Adquisiciones de Bienes y Servicios,2232280.0,2342565.0,110285.0
3209,"HOSP DR.LUIS EDMUNDO VASQUEZ"", CHALATENANGO""",DE,55,Gastos Financieros y Otros,9200.0,11660.0,2460.0
3210,"HOSP SAN RAFAEL"", SANTA TECLA""",DE,51,Remuneraciones,13055600.0,13873080.0,817480.0
3210,"HOSP SAN RAFAEL"", SANTA TECLA""",DE,54,Adquisiciones de Bienes y Servicios,5681025.0,8092540.0,2411515.0
3210,"HOSP SAN RAFAEL"", SANTA TECLA""",DE,55,Gastos Financieros y Otros,2122800.0,89950.0,-2032850.0
3210,"HOSP SAN RAFAEL"", SANTA TECLA""",DE,61,Inversiones en Activos Fijos,33000.0,50000.0,17000.0
3211,"HOSP SANTA GERTRUDIS"", SAN VICENTE""",DE,51,Remuneraciones,8043025.0,8485085.0,442060.0
3211,"HOSP SANTA GERTRUDIS"", SAN VICENTE""",DE,54,Adquisiciones de Bienes y Servicios,3348715.0,3536325.0,187610.0
3211,"HOSP SANTA GERTRUDIS"", SAN VICENTE""",DE,55,Gastos Financieros y Otros,12140.0,12640.0,500.0
3212,"HOSP SANTA TERESA"", ZACATECOLUCA""",DE,51,Remuneraciones,7176330.0,7620910.0,444580.0
3212,"HOSP SANTA TERESA"", ZACATECOLUCA""",DE,54,Adquisiciones de Bienes y Servicios,3206665.0,3541070.0,334405.0
3212,"HOSP SANTA TERESA"", ZACATECOLUCA""",DE,55,Gastos Financieros y Otros,167730.0,167730.0,0.0
3212,"HOSP SANTA TERESA"", ZACATECOLUCA""",DE,61,Inversiones en Activos Fijos,7000.0,7000.0,0.0
3213,"HOSP SAN JUAN DE DIOS"", SAN MIGUEL""",DE,51,Remuneraciones,18782165.0,19864280.0,1082115.0
3213,"HOSP SAN JUAN DE DIOS"", SAN MIGUEL""",DE,54,Adquisiciones de Bienes y Servicios,15182835.0,15901800.0,718965.0
3213,"HOSP SAN JUAN DE DIOS"", SAN MIGUEL""",DE,55,Gastos Financieros y Otros,33240.0,33240.0,0.0
3214,"HOSP SAN PEDRO"", USULUTAN""",DE,51,Remuneraciones,8426890.0,9028285.0,601395.0
3214,"HOSP SAN PEDRO"", USULUTAN""",DE,54,Adquisiciones de Bienes y Servicios,2936445.0,3147420.0,210975.0
3214,"HOSP SAN PEDRO"", USULUTAN""",DE,55,Gastos Financieros y Otros,2330.0,2330.0,0.0
3215,"HOSP DR.JUAN JOSE FERNANDEZ"", DE ZACAMIL""",DE,51,Remuneraciones,13929015.0,14819250.0,890235.0
3215,"HOSP DR.JUAN JOSE FERNANDEZ"", DE ZACAMIL""",DE,54,Adquisiciones de Bienes y Servicios,5840535.0,6927375.0,1086840.0
3215,"HOSP DR.JUAN JOSE FERNANDEZ"", DE ZACAMIL""",DE,55,Gastos Financieros y Otros,31875.0,31625.0,-250.0
3215,"HOSP DR.JUAN JOSE FERNANDEZ"", DE ZACAMIL""",DE,61,Inversiones en Activos Fijos,100000.0,100000.0,0.0
3216,"HOSP ENFERM ANGELICA V NAJARRO"", SAN BARTOLO""",DE,51,Remuneraciones,5371805.0,6095340.0,723535.0
3216,"HOSP ENFERM ANGELICA V NAJARRO"", SAN BARTOLO""",DE,54,Adquisiciones de Bienes y Servicios,2985250.0,3098305.0,113055.0
3216,"HOSP ENFERM ANGELICA V NAJARRO"", SAN BARTOLO""",DE,55,Gastos Financieros y Otros,27500.0,27460.0,-40.0
3216,"HOSP ENFERM ANGELICA V NAJARRO"", SAN BARTOLO""",DE,61,Inversiones en Activos Fijos,55000.0,66000.0,11000.0
3217,HOSP DE COJUTEPEQUE,DE,51,Remuneraciones,5220710.0,5483615.0,262905.0
3217,HOSP DE COJUTEPEQUE,DE,54,Adquisiciones de Bienes y Servicios,2270585.0,2346090.0,75505.0
3217,HOSP DE COJUTEPEQUE,DE,55,Gastos Financieros y Otros,20120.0,23620.0,3500.0
3217,HOSP DE COJUTEPEQUE,DE,61,Inversiones en Activos Fijos,33145.0,38000.0,4855.0
3218,HOSP DE LA UNION,DE,51,Remuneraciones,3557350.0,3717290.0,159940.0
3218,HOSP DE LA UNION,DE,54,Adquisiciones de Bienes y Servicios,1127720.0,1387180.0,259460.0
3218,HOSP DE LA UNION,DE,55,Gastos Financieros y Otros,10000.0,10000.0,0.0
3219,HOSP DE ILOBASCO,DE,51,Remuneraciones,3125715.0,3314450.0,188735.0
3219,HOSP DE ILOBASCO,DE,54,Adquisiciones de Bienes y Servicios,1434540.0,1610885.0,176345.0
3219,HOSP DE ILOBASCO,DE,55,Gastos Financieros y Otros,9090.0,7150.0,-1940.0
3220,HOSP DE NUEVA GUADALUPE,DE,51,Remuneraciones,2924250.0,3047700.0,123450.0
3220,HOSP DE NUEVA GUADALUPE,DE,54,Adquisiciones de Bienes y Servicios,1328295.0,1582575.0,254280.0
3220,HOSP DE NUEVA GUADALUPE,DE,55,Gastos Financieros y Otros,11615.0,13800.0,2185.0
3221,"HOSPMONS OSCAR ARNULFO ROMERO,CIUDAD BARRIOS""",DE,51,Remuneraciones,3020330.0,3143415.0,123085.0
3221,"HOSPMONS OSCAR ARNULFO ROMERO,CIUDAD BARRIOS""",DE,54,Adquisiciones de Bienes y Servicios,844700.0,1017200.0,172500.0
3221,"HOSPMONS OSCAR ARNULFO ROMERO,CIUDAD BARRIOS""",DE,55,Gastos Financieros y Otros,6785.0,6785.0,0.0
3222,HOSP DE SENSUNTEPEQUE,DE,51,Remuneraciones,3140255.0,3197160.0,56905.0
3222,HOSP DE SENSUNTEPEQUE,DE,54,Adquisiciones de Bienes y Servicios,910030.0,1234440.0,324410.0
3222,HOSP DE SENSUNTEPEQUE,DE,55,Gastos Financieros y Otros,13400.0,12650.0,-750.0
3223,HOSP DE CHALCHUAPA,DE,51,Remuneraciones,3333640.0,3606795.0,273155.0
3223,HOSP DE CHALCHUAPA,DE,54,Adquisiciones de Bienes y Servicios,1476315.0,1698210.0,221895.0
3223,HOSP DE CHALCHUAPA,DE,55,Gastos Financieros y Otros,1000.0,1000.0,0.0
3224,HOSP DE METAPAN,DE,51,Remuneraciones,2373475.0,2539255.0,165780.0
3224,HOSP DE METAPAN,DE,54,Adquisiciones de Bienes y Servicios,1520780.0,1618600.0,97820.0
3224,HOSP DE METAPAN,DE,55,Gastos Financieros y Otros,12395.0,12700.0,305.0
3225,HOSP DE SAN FRANCISCO GOTERA,DE,51,Remuneraciones,3380585.0,3580850.0,200265.0
3225,HOSP DE SAN FRANCISCO GOTERA,DE,54,Adquisiciones de Bienes y Servicios,1864850.0,2036900.0,172050.0
3225,HOSP DE SAN FRANCISCO GOTERA,DE,55,Gastos Financieros y Otros,11200.0,11000.0,-200.0
3226,HOSP DE SANTA ROSA DE LIMA,DE,51,Remuneraciones,3403745.0,3404840.0,1095.0
3226,HOSP DE SANTA ROSA DE LIMA,DE,54,Adquisiciones de Bienes y Servicios,1723825.0,2036440.0,312615.0
3226,HOSP DE SANTA ROSA DE LIMA,DE,55,Gastos Financieros y Otros,11250.0,14250.0,3000.0
3227,HOSP DE  NUEVA CONCEPCIÓN,DE,51,Remuneraciones,2963865.0,3212840.0,248975.0
3227,HOSP DE  NUEVA CONCEPCIÓN,DE,54,Adquisiciones de Bienes y Servicios,956825.0,905630.0,-51195.0
3227,HOSP DE  NUEVA CONCEPCIÓN,DE,55,Gastos Financieros y Otros,10700.0,15700.0,5000.0
3228,"HOSP DR JORGE ARTURO MENA"", SANTIAGO DE MARIA""",DE,51,Remuneraciones,3348645.0,3566330.0,217685.0
3228,"HOSP DR JORGE ARTURO MENA"", SANTIAGO DE MARIA""",DE,54,Adquisiciones de Bienes y Servicios,1044900.0,1204585.0,159685.0
3228,"HOSP DR JORGE ARTURO MENA"", SANTIAGO DE MARIA""",DE,55,Gastos Financieros y Otros,12760.0,13760.0,1000.0
3229,HOSP DE JIQUILISCO,DE,51,Remuneraciones,3187885.0,3345085.0,157200.0
3229,HOSP DE JIQUILISCO,DE,54,Adquisiciones de Bienes y Servicios,1001770.0,1238990.0,237220.0
3229,HOSP DE JIQUILISCO,DE,55,Gastos Financieros y Otros,5665.0,5665.0,0.0
3230,HOSP DE SUCHITOTO,DE,51,Remuneraciones,1921750.0,2009585.0,87835.0
3230,HOSP DE SUCHITOTO,DE,54,Adquisiciones de Bienes y Servicios,687355.0,870665.0,183310.0
3230,HOSP DE SUCHITOTO,DE,55,Gastos Financieros y Otros,3700.0,6005.0,2305.0
3231,CONSEJO SUPERIOR DE SALUD PUBLICA  (CSSP),DE,51,Remuneraciones,1739145.0,2260670.0,521525.0
3231,CONSEJO SUPERIOR DE SALUD PUBLICA  (CSSP),DE,54,Adquisiciones de Bienes y Servicios,1293080.0,724105.0,-568975.0
3231,CONSEJO SUPERIOR DE SALUD PUBLICA  (CSSP),DE,55,Gastos Financieros y Otros,34855.0,19800.0,-15055.0
3231,CONSEJO SUPERIOR DE SALUD PUBLICA  (CSSP),DE,61,Inversiones en Activos Fijos,34850.0,55705.0,20855.0
3232,INST SALV DE REHABILITACION DE INVALIDOS (ISRI),DE,51,Remuneraciones,13531665.0,14544695.0,1013030.0
3232,INST SALV DE REHABILITACION DE INVALIDOS (ISRI),DE,54,Adquisiciones de Bienes y Servicios,4040470.0,3874420.0,-166050.0
3232,INST SALV DE REHABILITACION DE INVALIDOS (ISRI),DE,55,Gastos Financieros y Otros,67150.0,61030.0,-6120.0
3233,"HOGAR DE ANCIANOS NARCISA CASTILLO"", SANTA ANA""",DE,51,Remuneraciones,365385.0,399815.0,34430.0
3233,"HOGAR DE ANCIANOS NARCISA CASTILLO"", SANTA ANA""",DE,54,Adquisiciones de Bienes y Servicios,179495.0,181955.0,2460.0
3234,CRUZ ROJA SALVADORE¥A,DE,51,Remuneraciones,2112150.0,2799895.0,687745.0
3234,CRUZ ROJA SALVADORE¥A,DE,54,Adquisiciones de Bienes y Servicios,1334935.0,895525.0,-439410.0
3234,CRUZ ROJA SALVADORE¥A,DE,55,Gastos Financieros y Otros,75085.0,59245.0,-15840.0
3234,CRUZ ROJA SALVADORE¥A,DE,61,Inversiones en Activos Fijos,72000.0,3825.0,-68175.0
3235,FONDO SOLIDARIO PARA LA SALUD (FOSALUD),DE,51,Remuneraciones,31058635.0,54015310.0,22956675.0
3235,FONDO SOLIDARIO PARA LA SALUD (FOSALUD),DE,54,Adquisiciones de Bienes y Servicios,13506485.0,12497863.0,-1008622.0
3235,FONDO SOLIDARIO PARA LA SALUD (FOSALUD),DE,55,Gastos Financieros y Otros,724000.0,651215.0,-72785.0
3235,FONDO SOLIDARIO PARA LA SALUD (FOSALUD),DE,61,Inversiones en Activos Fijos,1425165.0,1130385.0,-294780.0
3300, TRABAJO Y PREVISION SOCIAL,CG,51,Remuneraciones,12627485.0,13958365.0,1330880.0
3300, TRABAJO Y PREVISION SOCIAL,CG,54,Adquisiciones de Bienes y Servicios,3344470.0,2397643.0,-946827.0
3300, TRABAJO Y PREVISION SOCIAL,CG,56,Transferencias Corrientes,1024845.0,1024845.0,0.0
3300, TRABAJO Y PREVISION SOCIAL,CG,61,Inversiones en Activos Fijos,1000000.0,1107000.0,107000.0
3302,INST SALV. DE FORMACION PROFESIONAL (INSAFORP),DE,51,Remuneraciones,6221335.0,6258820.0,37485.0
3302,INST SALV. DE FORMACION PROFESIONAL (INSAFORP),DE,54,Adquisiciones de Bienes y Servicios,41533560.0,35693790.0,-5839770.0
3302,INST SALV. DE FORMACION PROFESIONAL (INSAFORP),DE,55,Gastos Financieros y Otros,1170855.0,1180855.0,10000.0
3302,INST SALV. DE FORMACION PROFESIONAL (INSAFORP),DE,56,Transferencias Corrientes,5000.0,5000.0,0.0
3302,INST SALV. DE FORMACION PROFESIONAL (INSAFORP),DE,61,Inversiones en Activos Fijos,3618570.0,3872470.0,253900.0
3303,INST SALV DEL SEGURO SOCIAL (ISSS),DE,51,Remuneraciones,305854960.0,332767640.0,26912680.0
3303,INST SALV DEL SEGURO SOCIAL (ISSS),DE,53,Prestaciones de la Seguridad Social,255382415.0,251936180.0,-3446235.0
3303,INST SALV DEL SEGURO SOCIAL (ISSS),DE,54,Adquisiciones de Bienes y Servicios,235266065.0,245643460.0,10377395.0
3303,INST SALV DEL SEGURO SOCIAL (ISSS),DE,55,Gastos Financieros y Otros,9809955.0,3533920.0,-6276035.0
3303,INST SALV DEL SEGURO SOCIAL (ISSS),DE,56,Transferencias Corrientes,1455850.0,1054000.0,-401850.0
3303,INST SALV DEL SEGURO SOCIAL (ISSS),DE,61,Inversiones en Activos Fijos,55051295.0,51809570.0,-3241725.0
4100, ECONOMIA,CG,51,Remuneraciones,14066465.0,13770180.0,-296285.0
4100, ECONOMIA,CG,54,Adquisiciones de Bienes y Servicios,5836260.0,5063172.0,-773088.0
4100, ECONOMIA,CG,55,Gastos Financieros y Otros,1676005.0,1910460.0,234455.0
4100, ECONOMIA,CG,56,Transferencias Corrientes,83627169.0,96301261.0,12674092.0
4100, ECONOMIA,CG,61,Inversiones en Activos Fijos,212370.0,570000.0,357630.0
4100, ECONOMIA,CG,62,Transferencias de Capital,6351234.0,3319130.0,-3032104.0
4101,CENTRO INTERNACIONAL DE FERIAS Y CONVENCIONES D E.S.- CIFCES,DE,51,Remuneraciones,3509615.0,2582080.0,-927535.0
4101,CENTRO INTERNACIONAL DE FERIAS Y CONVENCIONES D E.S.- CIFCES,DE,54,Adquisiciones de Bienes y Servicios,5544560.0,1696180.0,-3848380.0
4101,CENTRO INTERNACIONAL DE FERIAS Y CONVENCIONES D E.S.- CIFCES,DE,55,Gastos Financieros y Otros,838330.0,324160.0,-514170.0
4101,CENTRO INTERNACIONAL DE FERIAS Y CONVENCIONES D E.S.- CIFCES,DE,61,Inversiones en Activos Fijos,597995.0,8910.0,-589085.0
4106,COMISION EJECUTIVA HIDROELECTRICA DEL RIO LEMPA  (CEL),DE,51,Remuneraciones,30697620.0,30045565.0,-652055.0
4106,COMISION EJECUTIVA HIDROELECTRICA DEL RIO LEMPA  (CEL),DE,54,Adquisiciones de Bienes y Servicios,72663630.0,67315900.0,-5347730.0
4106,COMISION EJECUTIVA HIDROELECTRICA DEL RIO LEMPA  (CEL),DE,55,Gastos Financieros y Otros,47910155.0,47483075.0,-427080.0
4106,COMISION EJECUTIVA HIDROELECTRICA DEL RIO LEMPA  (CEL),DE,56,Transferencias Corrientes,64360.0,760100.0,695740.0
4106,COMISION EJECUTIVA HIDROELECTRICA DEL RIO LEMPA  (CEL),DE,61,Inversiones en Activos Fijos,158688600.0,140621465.0,-18067135.0
4106,COMISION EJECUTIVA HIDROELECTRICA DEL RIO LEMPA  (CEL),DE,63,Inversiones Financieras,5000.0,5000.0,0.0
4106,COMISION EJECUTIVA HIDROELECTRICA DEL RIO LEMPA  (CEL),DE,71,Amortización de Endeudamiento Público,35487310.0,33168620.0,-2318690.0
4109,SUPERINTENDENCIA GRAL.DE ELECT. Y TELECOMUNICACIONES (SIGET),DE,51,Remuneraciones,10276615.0,10310450.0,33835.0
4109,SUPERINTENDENCIA GRAL.DE ELECT. Y TELECOMUNICACIONES (SIGET),DE,54,Adquisiciones de Bienes y Servicios,6088720.0,5424125.0,-664595.0
4109,SUPERINTENDENCIA GRAL.DE ELECT. Y TELECOMUNICACIONES (SIGET),DE,55,Gastos Financieros y Otros,888650.0,834350.0,-54300.0
4109,SUPERINTENDENCIA GRAL.DE ELECT. Y TELECOMUNICACIONES (SIGET),DE,56,Transferencias Corrientes,1915490.0,1666250.0,-249240.0
4109,SUPERINTENDENCIA GRAL.DE ELECT. Y TELECOMUNICACIONES (SIGET),DE,61,Inversiones en Activos Fijos,2478320.0,2318595.0,-159725.0
4114,CENTRO NACIONAL DE REGISTROS   (CNR),DE,51,Remuneraciones,33942540.0,34162710.0,220170.0
4114,CENTRO NACIONAL DE REGISTROS   (CNR),DE,54,Adquisiciones de Bienes y Servicios,7629770.0,5495710.0,-2134060.0
4114,CENTRO NACIONAL DE REGISTROS   (CNR),DE,55,Gastos Financieros y Otros,3202295.0,3464910.0,262615.0
4114,CENTRO NACIONAL DE REGISTROS   (CNR),DE,56,Transferencias Corrientes,13595.0,10595.0,-3000.0
4114,CENTRO NACIONAL DE REGISTROS   (CNR),DE,61,Inversiones en Activos Fijos,6520945.0,1494580.0,-5026365.0
4114,CENTRO NACIONAL DE REGISTROS   (CNR),DE,71,Amortización de Endeudamiento Público,3259860.0,4509080.0,1249220.0
4115,FONDO DE INVERSION NAC. EN ELECTRICIDAD Y TELEFONIA (FINET),DE,51,Remuneraciones,56725.0,56725.0,0.0
4115,FONDO DE INVERSION NAC. EN ELECTRICIDAD Y TELEFONIA (FINET),DE,54,Adquisiciones de Bienes y Servicios,72500.0,71750.0,-750.0
4115,FONDO DE INVERSION NAC. EN ELECTRICIDAD Y TELEFONIA (FINET),DE,56,Transferencias Corrientes,64000000.0,64000000.0,0.0
4115,FONDO DE INVERSION NAC. EN ELECTRICIDAD Y TELEFONIA (FINET),DE,62,Transferencias de Capital,78705.0,78705.0,0.0
4117,SUPERINTENDENCIA DE COMPETENCIA  (SC),DE,51,Remuneraciones,1936255.0,1936255.0,0.0
4117,SUPERINTENDENCIA DE COMPETENCIA  (SC),DE,54,Adquisiciones de Bienes y Servicios,586238.0,527357.0,-58881.0
4117,SUPERINTENDENCIA DE COMPETENCIA  (SC),DE,55,Gastos Financieros y Otros,137330.0,137330.0,0.0
4117,SUPERINTENDENCIA DE COMPETENCIA  (SC),DE,61,Inversiones en Activos Fijos,1485.0,1960.0,475.0
4118,DEFENSORIA DEL CONSUMIDOR (DC),DE,51,Remuneraciones,5006530.0,5008805.0,2275.0
4118,DEFENSORIA DEL CONSUMIDOR (DC),DE,54,Adquisiciones de Bienes y Servicios,1016850.0,893505.0,-123345.0
4118,DEFENSORIA DEL CONSUMIDOR (DC),DE,55,Gastos Financieros y Otros,44800.0,41500.0,-3300.0
4118,DEFENSORIA DEL CONSUMIDOR (DC),DE,61,Inversiones en Activos Fijos,40840.0,62325.0,21485.0
4119,Consejo Nacional de Energía,DE,51,Remuneraciones,1140365.0,1135105.0,-5260.0
4119,Consejo Nacional de Energía,DE,54,Adquisiciones de Bienes y Servicios,238581.0,235263.0,-3318.0
4119,Consejo Nacional de Energía,DE,55,Gastos Financieros y Otros,50550.0,53090.0,2540.0
4119,Consejo Nacional de Energía,DE,61,Inversiones en Activos Fijos,67150.0,149330.0,82180.0
4120,CONSEJO NACIONAL DE CALIDAD (CNC),DE,51,Remuneraciones,1343611.0,1291235.0,-52376.0
4120,CONSEJO NACIONAL DE CALIDAD (CNC),DE,54,Adquisiciones de Bienes y Servicios,504457.0,554968.0,50511.0
4120,CONSEJO NACIONAL DE CALIDAD (CNC),DE,55,Gastos Financieros y Otros,54885.0,60865.0,5980.0
4120,CONSEJO NACIONAL DE CALIDAD (CNC),DE,56,Transferencias Corrientes,39025.0,41525.0,2500.0
4120,CONSEJO NACIONAL DE CALIDAD (CNC),DE,61,Inversiones en Activos Fijos,641920.0,622380.0,-19540.0
4120,CONSEJO NACIONAL DE CALIDAD (CNC),DE,63,Inversiones Financieras,110000.0,21100.0,-88900.0
4121,INST SALVADOREÑO DE FOMENTO COOPERATIVO (INSAFOCOOP),DE,51,Remuneraciones,987755.0,987770.0,15.0
4121,INST SALVADOREÑO DE FOMENTO COOPERATIVO (INSAFOCOOP),DE,54,Adquisiciones de Bienes y Servicios,324565.0,293718.0,-30847.0
4121,INST SALVADOREÑO DE FOMENTO COOPERATIVO (INSAFOCOOP),DE,55,Gastos Financieros y Otros,11135.0,11880.0,745.0
4121,INST SALVADOREÑO DE FOMENTO COOPERATIVO (INSAFOCOOP),DE,61,Inversiones en Activos Fijos,4560.0,4415.0,-145.0
4200, AGRICULTURA Y GANADERIA,CG,51,Remuneraciones,15098884.0,14621510.0,-477374.0
4200, AGRICULTURA Y GANADERIA,CG,54,Adquisiciones de Bienes y Servicios,27404395.0,25463429.0,-1940966.0
4200, AGRICULTURA Y GANADERIA,CG,55,Gastos Financieros y Otros,513420.0,211500.0,-301920.0
4200, AGRICULTURA Y GANADERIA,CG,56,Transferencias Corrientes,21231446.0,26403844.0,5172398.0
4200, AGRICULTURA Y GANADERIA,CG,61,Inversiones en Activos Fijos,461420.0,1908690.0,1447270.0
4200, AGRICULTURA Y GANADERIA,CG,62,Transferencias de Capital,993300.0,20936045.0,19942745.0
4202,CENTRO NAC. DE TECNOLOGIA AGROPECUARIA Y FORESTAL (CENTA),DE,51,Remuneraciones,9179245.0,9269135.0,89890.0
4202,CENTRO NAC. DE TECNOLOGIA AGROPECUARIA Y FORESTAL (CENTA),DE,54,Adquisiciones de Bienes y Servicios,1494587.0,2924263.0,1429676.0
4202,CENTRO NAC. DE TECNOLOGIA AGROPECUARIA Y FORESTAL (CENTA),DE,55,Gastos Financieros y Otros,172300.0,101935.0,-70365.0
4202,CENTRO NAC. DE TECNOLOGIA AGROPECUARIA Y FORESTAL (CENTA),DE,61,Inversiones en Activos Fijos,44145.0,127300.0,83155.0
4203,ESCUELA NACIONAL DE AGRICULTURA (ENA),DE,51,Remuneraciones,2076025.0,2066985.0,-9040.0
4203,ESCUELA NACIONAL DE AGRICULTURA (ENA),DE,54,Adquisiciones de Bienes y Servicios,1242758.0,3248945.0,2006187.0
4203,ESCUELA NACIONAL DE AGRICULTURA (ENA),DE,55,Gastos Financieros y Otros,25935.0,20600.0,-5335.0
4203,ESCUELA NACIONAL DE AGRICULTURA (ENA),DE,61,Inversiones en Activos Fijos,43510.0,12964785.0,12921275.0
4206,CONSEJO SALVADOREÑO DEL CAFE,DE,51,Remuneraciones,951133.0,957520.0,6387.0
4206,CONSEJO SALVADOREÑO DEL CAFE,DE,54,Adquisiciones de Bienes y Servicios,475720.0,345860.0,-129860.0
4206,CONSEJO SALVADOREÑO DEL CAFE,DE,55,Gastos Financieros y Otros,14095.0,66165.0,52070.0
4206,CONSEJO SALVADOREÑO DEL CAFE,DE,56,Transferencias Corrientes,45000.0,45000.0,0.0
4206,CONSEJO SALVADOREÑO DEL CAFE,DE,61,Inversiones en Activos Fijos,3850.0,4800.0,950.0
4300," OBRAS PUBLICAS, TRANSPORTE y VIVIENDA Y DESARR URB",CG,51,Remuneraciones,14486290.0,14216135.0,-270155.0
4300," OBRAS PUBLICAS, TRANSPORTE y VIVIENDA Y DESARR URB",CG,54,Adquisiciones de Bienes y Servicios,7241741.0,8518710.0,1276969.0
4300," OBRAS PUBLICAS, TRANSPORTE y VIVIENDA Y DESARR URB",CG,55,Gastos Financieros y Otros,2913136.0,369835.0,-2543301.0
4300," OBRAS PUBLICAS, TRANSPORTE y VIVIENDA Y DESARR URB",CG,56,Transferencias Corrientes,80923336.0,77558709.0,-3364627.0
4300," OBRAS PUBLICAS, TRANSPORTE y VIVIENDA Y DESARR URB",CG,61,Inversiones en Activos Fijos,102401067.0,184783035.0,82381968.0
4300," OBRAS PUBLICAS, TRANSPORTE y VIVIENDA Y DESARR URB",CG,62,Transferencias de Capital,13877935.0,15768385.0,1890450.0
4300," OBRAS PUBLICAS, TRANSPORTE y VIVIENDA Y DESARR URB",CG,81,Transferencias de Contribuciones Especiales,142320299.0,84454169.0,-57866130.0
4301,ADMINISTRACION NAC. DE ACUEDUCTOS Y ALCANTARILLADOS (ANDA),DE,51,Remuneraciones,68819405.0,98663370.0,29843965.0
4301,ADMINISTRACION NAC. DE ACUEDUCTOS Y ALCANTARILLADOS (ANDA),DE,54,Adquisiciones de Bienes y Servicios,89472460.0,63852490.0,-25619970.0
4301,ADMINISTRACION NAC. DE ACUEDUCTOS Y ALCANTARILLADOS (ANDA),DE,55,Gastos Financieros y Otros,19177350.0,22761515.0,3584165.0
4301,ADMINISTRACION NAC. DE ACUEDUCTOS Y ALCANTARILLADOS (ANDA),DE,56,Transferencias Corrientes,212000.0,209720.0,-2280.0
4301,ADMINISTRACION NAC. DE ACUEDUCTOS Y ALCANTARILLADOS (ANDA),DE,61,Inversiones en Activos Fijos,24534590.0,55603245.0,31068655.0
4301,ADMINISTRACION NAC. DE ACUEDUCTOS Y ALCANTARILLADOS (ANDA),DE,62,Transferencias de Capital,117185.0,7665.0,-109520.0
4301,ADMINISTRACION NAC. DE ACUEDUCTOS Y ALCANTARILLADOS (ANDA),DE,71,Amortización de Endeudamiento Público,7769175.0,21772870.0,14003695.0
4303,COMISION EJECUTIVA PORTUARIA AUTONOMA (CEPA),DE,51,Remuneraciones,36315125.0,41908300.0,5593175.0
4303,COMISION EJECUTIVA PORTUARIA AUTONOMA (CEPA),DE,54,Adquisiciones de Bienes y Servicios,32243618.0,31166745.0,-1076873.0
4303,COMISION EJECUTIVA PORTUARIA AUTONOMA (CEPA),DE,55,Gastos Financieros y Otros,22359320.0,21799620.0,-559700.0
4303,COMISION EJECUTIVA PORTUARIA AUTONOMA (CEPA),DE,56,Transferencias Corrientes,6521770.0,5360890.0,-1160880.0
4303,COMISION EJECUTIVA PORTUARIA AUTONOMA (CEPA),DE,61,Inversiones en Activos Fijos,37711256.0,16087890.0,-21623366.0
4303,COMISION EJECUTIVA PORTUARIA AUTONOMA (CEPA),DE,71,Amortización de Endeudamiento Público,14874445.0,9345420.0,-5529025.0
4304,AUTORIDAD DE AVIACION CIVIL (AAC),DE,51,Remuneraciones,2679185.0,2808455.0,129270.0
4304,AUTORIDAD DE AVIACION CIVIL (AAC),DE,54,Adquisiciones de Bienes y Servicios,901595.0,669745.0,-231850.0
4304,AUTORIDAD DE AVIACION CIVIL (AAC),DE,55,Gastos Financieros y Otros,159130.0,271960.0,112830.0
4304,AUTORIDAD DE AVIACION CIVIL (AAC),DE,61,Inversiones en Activos Fijos,373635.0,4515.0,-369120.0
4307,AUTORIDAD MARITIMA PORTUARIA (AMP),DE,51,Remuneraciones,2780805.0,2934045.0,153240.0
4307,AUTORIDAD MARITIMA PORTUARIA (AMP),DE,54,Adquisiciones de Bienes y Servicios,840775.0,941615.0,100840.0
4307,AUTORIDAD MARITIMA PORTUARIA (AMP),DE,55,Gastos Financieros y Otros,579750.0,410525.0,-169225.0
4307,AUTORIDAD MARITIMA PORTUARIA (AMP),DE,56,Transferencias Corrientes,83620.0,62100.0,-21520.0
4307,AUTORIDAD MARITIMA PORTUARIA (AMP),DE,61,Inversiones en Activos Fijos,635750.0,246215.0,-389535.0
4308,FONDO PARA LA ATENCION A VICTIMAS DE ACCIDENTES DE TRANSITO,DE,51,Remuneraciones,805235.0,856990.0,51755.0
4308,FONDO PARA LA ATENCION A VICTIMAS DE ACCIDENTES DE TRANSITO,DE,54,Adquisiciones de Bienes y Servicios,1309725.0,1182430.0,-127295.0
4308,FONDO PARA LA ATENCION A VICTIMAS DE ACCIDENTES DE TRANSITO,DE,55,Gastos Financieros y Otros,18650.0,23950.0,5300.0
4308,FONDO PARA LA ATENCION A VICTIMAS DE ACCIDENTES DE TRANSITO,DE,56,Transferencias Corrientes,2667700.0,2066337.0,-601363.0
4308,FONDO PARA LA ATENCION A VICTIMAS DE ACCIDENTES DE TRANSITO,DE,61,Inversiones en Activos Fijos,311330.0,32490.0,-278840.0
4400, MEDIO AMBIENTE Y RECURSOS NATURALES,CG,51,Remuneraciones,8688240.0,9690450.0,1002210.0
4400, MEDIO AMBIENTE Y RECURSOS NATURALES,CG,54,Adquisiciones de Bienes y Servicios,4063742.0,2577668.0,-1486074.0
4400, MEDIO AMBIENTE Y RECURSOS NATURALES,CG,55,Gastos Financieros y Otros,153600.0,186140.0,32540.0
4400, MEDIO AMBIENTE Y RECURSOS NATURALES,CG,56,Transferencias Corrientes,517800.0,462800.0,-55000.0
4400, MEDIO AMBIENTE Y RECURSOS NATURALES,CG,61,Inversiones en Activos Fijos,1557345.0,11649695.0,10092350.0
4600, TURISMO,CG,51,Remuneraciones,708288.0,708287.0,-1.0
4600, TURISMO,CG,54,Adquisiciones de Bienes y Servicios,1118155.0,1470320.0,352165.0
4600, TURISMO,CG,55,Gastos Financieros y Otros,5345.0,5675.0,330.0
4600, TURISMO,CG,56,Transferencias Corrientes,5811180.0,4733461.0,-1077719.0
4600, TURISMO,CG,61,Inversiones en Activos Fijos,6117900.0,14006695.0,7888795.0
4600, TURISMO,CG,62,Transferencias de Capital,2540052.0,8200000.0,5659948.0
4600, TURISMO,CG,81,Transferencias de Contribuciones Especiales,12092850.0,6915600.0,-5177250.0
4601,INST SALVADOREÑO DE TURISMO  (ISTU),DE,51,Remuneraciones,3382780.0,3148915.0,-233865.0
4601,INST SALVADOREÑO DE TURISMO  (ISTU),DE,54,Adquisiciones de Bienes y Servicios,1546373.0,1491250.0,-55123.0
4601,INST SALVADOREÑO DE TURISMO  (ISTU),DE,55,Gastos Financieros y Otros,336570.0,295660.0,-40910.0
4601,INST SALVADOREÑO DE TURISMO  (ISTU),DE,61,Inversiones en Activos Fijos,1917525.0,5986080.0,4068555.0
4602,CORPORACION SALVADOREÑA DE TURISMO  (CORSATUR),DE,51,Remuneraciones,1997682.0,1997685.0,3.0
4602,CORPORACION SALVADOREÑA DE TURISMO  (CORSATUR),DE,54,Adquisiciones de Bienes y Servicios,11508985.0,6526311.0,-4982674.0
4602,CORPORACION SALVADOREÑA DE TURISMO  (CORSATUR),DE,55,Gastos Financieros y Otros,229850.0,299580.0,69730.0
4602,CORPORACION SALVADOREÑA DE TURISMO  (CORSATUR),DE,56,Transferencias Corrientes,125000.0,125000.0,0.0
4602,CORPORACION SALVADOREÑA DE TURISMO  (CORSATUR),DE,61,Inversiones en Activos Fijos,1187670.0,2808845.0,1621175.0
